organ_contractant,contracte_num,tipus_de_contracte_obres_serveis_subministraments,objecte_del_contracte,nom_adjudicatari_rao_social,nif_adjudicatari_persones_fisiques_anonimitzat,data_formalitzacio_contracte,preu_contracte_sense_iva,preu_contracte_iva_inclos,data_formalitzacio_modificacio,import_modificacio_sense_iva,import_modificacio_iva_inclos,prevista_en_el_plec,no_prevista_en_el_plec,%_variacio_sobre_el_preu_del_contracte_sense_iva,any,variaciò,codi_organ_contractant
GERÈNCIA DE RECURSOS,17004830-005,Serveis,"MANTENIMENT SIST.SEGURETAT, INCENDIS LOT 2",INV PROTECCION SL,B85582013,2017-12-04 00:00:00,816500.56,987965.68,2021-09-09 00:00:00,49872.45,60345.66,,X,6.108072969355955,2021,6.108072969355955,codi antic  0101
GERÈNCIA DE RECURSOS,18003448L01-003,Serveis,"Mant. edificis Lot 1 Ger. Recursos, Ciutat Vella",UTE FAUS-MIATEC MANT.EDIF.LOT 1 CON,U67421511,2019-06-01 00:00:00,5575871.82,6746804.86,2021-05-06 00:00:00,0.0,0,,X,0.0,2021,0.0,codi antic  0101
GERÈNCIA DE RECURSOS,18003448L01-004,Serveis,"Mant. edificis Lot 1 Ger. Recursos, Ciutat Vella",UTE FAUS-MIATEC MANT.EDIF.LOT 1 CON,U67421511,2019-06-01 00:00:00,5575871.82,6746804.86,2021-07-14 00:00:00,404171.53,489047.55,X,,5.990562027311992,2021,7.248580007709,codi antic  0101
GERÈNCIA DE RECURSOS,18003448L02-003,Serveis,"Mant. edificis Lot 2 Ger. Drets Social, Eixample",IMESAPI SA,A28010478,2019-06-01 00:00:00,5118666.21,6193586.22,2021-05-06 00:00:00,0.0,0,,X,0.0,2021,0.0,codi antic  0101
GERÈNCIA DE RECURSOS,18003448L02-004,Serveis,"Mant. edificis Lot 2 Ger. Drets Social, Eixample",IMESAPI SA,A28010478,2019-06-01 00:00:00,5118666.21,6193586.22,2021-07-14 00:00:00,361602.37,437538.87,X,,7.064386603165515,2021,7.064386603165515,codi antic  0101
GERÈNCIA DE RECURSOS,18003448L03-003,Serveis,"Mant. edificis Lot 3 Seguretat i Prev, Ecol.Urbana","UTE API MOVILIDAD, SA-ILUNION LIMPI",U88376264,2019-06-01 00:00:00,3929809.55,4755069.55,2021-05-06 00:00:00,0.0,0,,X,0.0,2021,0.0,codi antic  0101
GERÈNCIA DE RECURSOS,18003448L03-004,Serveis,"Mant. edificis Lot 3 Seguretat i Prev, Ecol.Urbana","UTE API MOVILIDAD, SA-ILUNION LIMPI",U88376264,2019-06-01 00:00:00,3929809.55,4755069.55,MODIFICACIÓ CONTRACTE ANUL·LADA,,,,,,2021,,codi antic  0101
GERÈNCIA DE RECURSOS,18003448L04-003,Serveis,"Mant. edificis Lot 4 Sants-Montjuic, Les Corts",SERVICIOS E INSTALACIONES ALDAGO SL,B61563169,2019-06-01 00:00:00,3078598.94,3725104.73,2021-05-06 00:00:00,0.0,0,,X,0.0,2021,0.0,codi antic  0101
GERÈNCIA DE RECURSOS,18003448L04-004,Serveis,"Mant. edificis Lot 4 Sants-Montjuic, Les Corts",SERVICIOS E INSTALACIONES ALDAGO SL,B61563169,2019-06-01 00:00:00,3078598.94,3725104.73,2021-07-14 00:00:00,221574.7,268105.39,X,,7.197257723995709,2021,7.197257723995709,codi antic  0101
GERÈNCIA DE RECURSOS,18003448L05-003,Serveis,"Mant. edificis Lot 5 Sarrià-Sant Gervasi, Gràcia",UTE FAUS-MIATEC MANT.EDIF.LOT 5 CON,U67421529,2019-06-01 00:00:00,2491944.63,3015253.0,2021-05-06 00:00:00,0.0,0,,X,0.0,2021,0.0,codi antic  0101
GERÈNCIA DE RECURSOS,18003448L05-004,Serveis,"Mant. edificis Lot 5 Sarrià-Sant Gervasi, Gràcia",UTE FAUS-MIATEC MANT.EDIF.LOT 5 CON,U67421529,2019-06-01 00:00:00,2491944.63,3015253.0,2021-07-14 00:00:00,68520.98,82910.39,X,,2.749699137576745,2021,2.749699137576745,codi antic  0101
GERÈNCIA DE RECURSOS,18003448L06-003,Serveis,"Mant. edificis Lot 6 Horta Guinardó, Nou Barris",UTE FAUS-MIATEC MANT.EDIF.LOT 6 CON,U67421552,2019-06-01 00:00:00,4742156.22,5738009.01,2021-05-06 00:00:00,0.0,0,,X,0.0,2021,0.0,codi antic  0101
GERÈNCIA DE RECURSOS,18003448L06-004,Serveis,"Mant. edificis Lot 6 Horta Guinardó, Nou Barris",UTE FAUS-MIATEC MANT.EDIF.LOT 6 CON,U67421552,2019-06-01 00:00:00,4742156.22,5738009.01,2021-07-14 00:00:00,262072.93,317108.24,X,,5.526450792462505,2021,5.526450792462505,codi antic  0101
GERÈNCIA DE RECURSOS,18003448L07-003,Serveis,"Mant. edificis Lot 7 Sant Andreu, Sant Martí",SERVICIOS E INSTALACIONES ALDAGO SL,B61563169,2019-06-01 00:00:00,5405015.15,6540068.34,2021-05-06 00:00:00,0.0,0,,X,0.0,2021,0.0,codi antic  0101
GERÈNCIA DE RECURSOS,18003448L07-004,Serveis,"Mant. edificis Lot 7 Sant Andreu, Sant Martí",SERVICIOS E INSTALACIONES ALDAGO SL,B61563169,2019-06-01 00:00:00,5405015.15,6540068.34,2021-07-14 00:00:00,384266.17,464962.07,X,,7.1094374268312635,2021,7.1094374268312635,codi antic  0101
GERÈNCIA DE RECURSOS,19000462-004,Serveis,Coord. seg. i salut relac. neteja i mante 19-21,"COPREDIJE, S.A.",A82003815,2019-07-04 00:00:00,280500.0,339404.97,2021-12-22 00:00:00,21326.2,25804.7,X,,7.602923351158646,2021,7.602923351158646,codi antic  0101
GERÈNCIA MUNICIPAL,18003434L01-003,Serveis,Districte Ciutat Vella,"SERVEIS DEL ESPECTACLE FOCUS, S.A.",A58116369,2018-12-31 00:00:00,600000.0,726000.0,2021-09-09 00:00:00,-82644.63,-100000,,X,-13.774105,2021,-13.774105,0104
GERÈNCIA MUNICIPAL,18003434L02-003,Serveis,Districte  L'Eixample,"LA LLAUNA, S.C.C.L.",F58184201,2018-12-31 00:00:00,396694.22,480000.0,MODIFICACIÓ CONTRACTE ANUL·LADA,,,,,,2021,,0104
GERÈNCIA MUNICIPAL,18003434L06-003,Serveis,Districte Sarrià-Sant Gervasi,"SERVEIS  L'ESPECTACLE RULOT, S.L.U.",B67068874,2019-01-31 00:00:00,200000.0,242000.0,2021-04-22 00:00:00,-27272.73,-33000,,X,-13.636365,2021,-13.636365,0104
GERÈNCIA MUNICIPAL,18003434L08-003,Serveis,Districte d'Horta-Guinardó,"SERVEIS  L'ESPECTACLE RULOT, S.L.U.",B67068874,2019-01-31 00:00:00,408264.16,494000.0,2021-04-22 00:00:00,-41322.31,-50000,,X,-10.12146400506966,2021,-10.12146400506966,0104
GERÈNCIA MUNICIPAL,18003434L09-003,Serveis,Districte Nou Barris,"SERVEIS DEL ESPECTACLE FOCUS, S.A.",A58116369,2019-01-31 00:00:00,578512.4,700000.0,2021-09-09 00:00:00,-17217.63,-20833.33,,X,-2.976190311564627,2021,-2.976190311564627,0104
GERÈNCIA MUNICIPAL,18003434L10-003,Serveis,Districte Sant Andreu,"LA LLAUNA, S.C.C.L.",F58184201,2019-01-31 00:00:00,280991.74,340000.0,2021-04-22 00:00:00,-36363.64,-44000,X,,-12.941177559169533,2021,-12.941177559169533,0104
GERÈNCIA MUNICIPAL,18003434L11-003,Serveis,Districte Sant Martí,"LA LLAUNA, S.C.C.L.",F58184201,2019-01-31 00:00:00,440689.26,533234.0,2021-09-09 00:00:00,-24793.39,-30000,,X,-5.626048159194984,2021,-5.626048159194984,0104
GERÈNCIA MUNICIPAL,19001027L01-005,Serveis,Gerència Ecologia Urbana i Dte. Sants Montjuïc,DISTPUBLIC SERVICIOS PUBLICIDAD SL,B60988078,2019-10-08 00:00:00,53095.07,64245.04,2021-11-18 00:00:00,2801.65,3390,X,,5.276666929716827,2021,5.276666929716827,0104
GERÈNCIA MUNICIPAL,19001027L02-004,Serveis,Dte. Les Corts i Dte. de Gràcia,FUNDACIÓ PRIVADA JOIA JOVENTUD ORGA,G08901019,2019-10-08 00:00:00,50422.54,61011.28,2021-04-22 00:00:00,-7438.02,-9000,X,,-14.751379045958416,2021,-14.751379045958416,0104
GERÈNCIA MUNICIPAL,19001027L03-006,Serveis,Direc. Ser. Publicitaris i Dte Sarrià,TALLER DE CULTURA S.L.,B62436738,2019-10-08 00:00:00,53602.48,64859.0,2021-03-18 00:00:00,7504.35,9080.26,X,,14.000005223638906,2021,14.000005223638906,0104
GERÈNCIA MUNICIPAL,19001027L05-004,Serveis,"Dte. Sant Martí, Ciutat Vella i Horta-Guinardó",FUNDACIÓ PRIVADA JOIA JOVENTUD ORGA,G08901019,2019-10-08 00:00:00,52116.16,63060.56,2021-04-22 00:00:00,-8264.46,-10000,X,,-15.85776849253667,2021,-15.85776849253667,0104
GERÈNCIA MUNICIPAL,19001291L02-004,Subministraments,Infraestructures Districte Sants-Montjuïc,INICIATIVES EVENTS SL,B64709363,2019-07-29 00:00:00,286621.4,346811.9,2021-04-22 00:00:00,-24793.39,-30000,,X,-8.65022290729164,2021,-8.65022290729164,0104
"GERÈNCIA DE DRETS SOCIALS, JUSTÍCIA GLOBAL, FEMINISMES I LGTBI",16002677,Serveis,Suport tècnic desenvolupament Acord ciutadà,"ESTRATEGIES QUALITAT URBANA, SL",B60838307,2017-01-05 00:00:00,308631.6,373444.236,,13170.89,15936.81,,x,0.042675118166772295,2021,4.26751181667723,0200
"GERÈNCIA DE DRETS SOCIALS, JUSTÍCIA GLOBAL, FEMINISMES I LGTBI",16002832,Serveis,Gestió del  CMAU-VM,FUNDACIO SALUT I COMUNITAT,G61878831,2017-01-01 00:00:00,1477633.5,1477633.5,2021-12-30 00:00:00,101860.05,101860.05,,x,0.06893458357569722,2021,6.893458357569722,0200
"GERÈNCIA DE DRETS SOCIALS, JUSTÍCIA GLOBAL, FEMINISMES I LGTBI",16004061,Serveis,Alliberament import Gestió del SOAPI 2017-2018,PROGESS PROJEC.GESTIO SERVEIS SOCIA,B59960526,2017-01-01 00:00:00,604136.22,731004.8261999999,2021-12-22 00:00:00,70601.44,85427.74,,x,0.11686344513493994,2021,11.686344513493994,0200
"GERÈNCIA DE DRETS SOCIALS, JUSTÍCIA GLOBAL, FEMINISMES I LGTBI",17002612,Serveis,"Servei de primera acollida, especialitzats SAIER",A.B.D. ASOC. BIENESTAR Y DESARROLLO,G59435180,2017-10-25 00:00:00,1582394.64,1582394.64,2021-10-28 00:00:00,471056.69,471056.69,,x,0.2976859742143717,2021,29.76859742143717,0200
"GERÈNCIA DE DRETS SOCIALS, JUSTÍCIA GLOBAL, FEMINISMES I LGTBI",17002612,Serveis,"Servei de primera acollida, especialitzats SAIER",A.B.D. ASOC. BIENESTAR Y DESARROLLO,G59435180,2017-10-25 00:00:00,1582394.64,1582394.64,2021-12-30 00:00:00,93949.76,93949.76,,x,0.059371889682336136,2021,5.937188968233613,0200
"GERÈNCIA DE DRETS SOCIALS, JUSTÍCIA GLOBAL, FEMINISMES I LGTBI",18003127,Serveis,La gestió i desenvolupament del projecte VinclesBc,TELEVIDA SERVICIOS SOCIOSANITARIOS,U67369173,2019-02-01 00:00:00,1721667.94,1932554.73,2021-09-09 00:00:00,454545.45,500000,x,,0.264014586924352,2021,26.4014586924352,0200
"GERÈNCIA DE DRETS SOCIALS, JUSTÍCIA GLOBAL, FEMINISMES I LGTBI",18003127,Serveis,La gestió i desenvolupament del projecte VinclesBc,TELEVIDA SERVICIOS SOCIOSANITARIOS,U67369173,2019-02-01 00:00:00,1721667.94,1932554.73,2021-12-07 00:00:00,41984.94,46183.4,,x,0.024386200744378153,2021,2.4386200744378153,0200
"GERÈNCIA DE DRETS SOCIALS, JUSTÍCIA GLOBAL, FEMINISMES I LGTBI",19001858,Serveis,Servei vigilància i seguretat SAIER,IB2 SEGURETAT CATALUNYA SL,B17631698,2019-09-02 00:00:00,76729.86,92843.13,2021-09-09 00:00:00,19182.46,23210.78,x,,0.24999993483632055,2021,24.999993483632053,0200
"GERÈNCIA DE DRETS SOCIALS, JUSTÍCIA GLOBAL, FEMINISMES I LGTBI",19004045,Serveis,Servei d’atenció i assessorament de l'OND,ASSOCIACIO CATALANA DEFENSA DRETS H,G58845959,2020-02-04 00:00:00,125734.4,152138.62399999998,2021-11-10 00:00:00,7884.3,9540,x,,0.0627059897689097,2021,6.2705989768909705,0200
"GERÈNCIA DE DRETS SOCIALS, JUSTÍCIA GLOBAL, FEMINISMES I LGTBI",20000226,Serveis,PREGÓ DELS INFANTS A LES FESTES DE SANTA EULÀLIA,AIRUN SERVEIS CULTURALS SL,B61519344,2020-12-04 00:00:00,98308.1,108138.91,2021-11-05 00:00:00,32769.36,36046.3,x,,0.3333332655193214,2021,33.33332655193214,0200
"GERÈNCIA DE DRETS SOCIALS, JUSTÍCIA GLOBAL, FEMINISMES I LGTBI",20000227,Serveis,Dia de la diversitat,AIRUN SERVEIS CULTURALS SL,B61519344,2020-11-11 00:00:00,111473.33,122620.66,2021-11-05 00:00:00,51091.94,56201.13,x,,0.4583333071686295,2021,45.83333071686295,0200
"GERÈNCIA DE DRETS SOCIALS, JUSTÍCIA GLOBAL, FEMINISMES I LGTBI",20000568,Serveis,Cobertura d'actes i equipaments de l'àrea,LOZANO BOSCH MARCOS,XXXXXX,2020-02-22 00:00:00,9900.0,11979.0,2021-12-17 00:00:00,7900.0,9559,,x,0.797979797979798,2021,79.7979797979798,0200
"GERÈNCIA DE DRETS SOCIALS, JUSTÍCIA GLOBAL, FEMINISMES I LGTBI",20000750,Serveis,Imatges de recurs per l’àrea,VIÑAS SANCHEZ VALENTIN,XXXXXX,2020-02-25 00:00:00,5000.0,6050.0,2021-12-22 00:00:00,4370.0,5287.7,,x,0.874,2021,87.4,0200
"GERÈNCIA DE DRETS SOCIALS, JUSTÍCIA GLOBAL, FEMINISMES I LGTBI",20003402,Serveis,Harmonització Protocol Antiassetjament districtes,FIL A L'AGULLA SCCL,F65184350,2020-10-31 00:00:00,6630.0,8022.3,2021-12-10 00:00:00,6630.0,8022.3,,x,1.0,2021,100.0,0200
"GERÈNCIA D'AREA DE L'AGENDA 2030, TRANSICIÓ DIGITAL I ESPORTS",18002708-003,Serveis,"Servei atenció telefònica, gestió i tram. 010","ATENTO TELESERVICIOS ESPAÑA,S.A.U.",A78751997,2019-02-19 00:00:00,9108540.78,11021334.34,2021-07-29 00:00:00,1411447.44,1707851.4,,X,15.495867824395908,2021,15.495867824395908,0300
"GERÈNCIA D'AREA DE L'AGENDA 2030, TRANSICIÓ DIGITAL I ESPORTS",20002936L03-002,Serveis,Serveis Veterinaris d'Urgència 24h,"ANIMALIA BCN, SL",B63549398,2021-02-11 00:00:00,11570.25,14000.0,2021-12-14 00:00:00,1943.02,2351.06,X,,16.793241286921198,2021,16.793241286921198,0300
"GERÈNCIA D'AREA DE L'AGENDA 2030, TRANSICIÓ DIGITAL I ESPORTS",20003973-002,Serveis,SERVEIS POSTALS LOT 1 DEP PROTECCIO DELS ANIMALS,RECERCA I DESENVOLUPAMENT EMPR,B60261815,2020-12-15 00:00:00,13343.79,16145.99,2021-10-05 00:00:00,-13343.79,-16145.99,,X,-100.0,2021,-100.0,0300
"GERÈNCIA D'AREA DE L'AGENDA 2030, TRANSICIÓ DIGITAL I ESPORTS",20003995-001,Serveis,SERVEIS POSTALS LOT 2 DEP PROTECCIO DELS ANIMALS,RECERCA I DESENVOLUPAMENT EMPR,B60261815,2020-12-15 00:00:00,496.74,601.05,MODIFICACIÓ CONTRACTE ANUL·LADA,,,,,,2021,,0300
"GERÈNCIA D'AREA DE L'AGENDA 2030, TRANSICIÓ DIGITAL I ESPORTS",20003995-003,Serveis,SERVEIS POSTALS LOT 2 DEP PROTECCIO DELS ANIMALS,RECERCA I DESENVOLUPAMENT EMPR,B60261815,2020-12-15 00:00:00,496.74,601.05,2021-10-05 00:00:00,-496.74,-601.05,,X,-100.0,2021,-100.0,0300
"GERÈNCIA D'AREA DE L'AGENDA 2030, TRANSICIÓ DIGITAL I ESPORTS",20004188-001,Serveis,Despeses viatges Relacions Internacionals,CENTRAL DE VIAJES SL,B08323404,2020-12-28 00:00:00,14462.81,17500.0,2021-06-29 00:00:00,-14462.81,-17500,,X,-100.0,2021,-100.0,0300
"GERÈNCIA D'AREA DE L'AGENDA 2030, TRANSICIÓ DIGITAL I ESPORTS",21000402-001,Serveis,Traducció i revisió continguts port. transparència,LINGUASERVE INTERNACIONALIZ. SERV.,A82615972,2021-02-15 00:00:00,3305.78,3999.99,2021-10-11 00:00:00,-1818.17,-2199.99,,X,-54.99972774957801,2021,-54.99972774957801,0300
"GERÈNCIA D'AREA DE L'AGENDA 2030, TRANSICIÓ DIGITAL I ESPORTS",21000485-001,Serveis,Dietes personal no directiu Comissionat Agenda2030,CENTRAL DE VIAJES SL,B08323404,2021-02-26 00:00:00,413.22,500.0,2021-07-23 00:00:00,-413.22,-500,,X,-100.0,2021,-100.0,0300
"GERÈNCIA D'AREA DE L'AGENDA 2030, TRANSICIÓ DIGITAL I ESPORTS",21000487-001,Serveis,Locomoció personal no directiu Comiss. Agenda 2030,CENTRAL DE VIAJES SL,B08323404,2021-02-26 00:00:00,826.45,1000.0,2021-08-03 00:00:00,-671.45,-812.45,,X,-81.24508439712021,2021,-81.24508439712021,0300
"GERÈNCIA D'AREA DE L'AGENDA 2030, TRANSICIÓ DIGITAL I ESPORTS",21000547-001,Serveis,Dietes personal directiu Comissionat Agenda 2030,CENTRAL DE VIAJES SL,B08323404,2021-02-26 00:00:00,826.45,1000.0,2021-07-23 00:00:00,-657.31,-795.34,,X,-79.53415209631555,2021,-79.53415209631555,0300
"GERÈNCIA D'AREA DE L'AGENDA 2030, TRANSICIÓ DIGITAL I ESPORTS",21000551-001,Serveis,Locomoció personal directiu Comissionat Agenda2030,CENTRAL DE VIAJES SL,B08323404,2021-02-26 00:00:00,1239.67,1500.0,2021-07-23 00:00:00,-991.74,-1200,,X,-80.00032266651608,2021,-80.00032266651608,0300
"GERÈNCIA D'AREA DE L'AGENDA 2030, TRANSICIÓ DIGITAL I ESPORTS",21000560-001,Serveis,Locomoció personal directiu Com. Innovació Digital,CENTRAL DE VIAJES SL,B08323404,2021-03-08 00:00:00,826.45,1000.0,2021-08-03 00:00:00,-424.71,-513.9,,X,-51.38967874644563,2021,-51.38967874644563,0300
"GERÈNCIA D'AREA DE L'AGENDA 2030, TRANSICIÓ DIGITAL I ESPORTS",21000561-001,Serveis,Dietes personal no directiu Comissionat Innovació,CENTRAL DE VIAJES SL,B08323404,2021-03-08 00:00:00,413.22,500.0,2021-08-03 00:00:00,-366.82,-443.85,,X,-88.77111466047141,2021,-88.77111466047141,0300
"GERÈNCIA D'AREA DE L'AGENDA 2030, TRANSICIÓ DIGITAL I ESPORTS",21000562-001,Serveis,Locomoció de personal no directiu Com. d'Innovació,CENTRAL DE VIAJES SL,B08323404,2021-03-08 00:00:00,826.45,1000.0,2021-08-03 00:00:00,-826.45,-1000,,X,-100.0,2021,-100.0,0300
"GERÈNCIA D'AREA DE L'AGENDA 2030, TRANSICIÓ DIGITAL I ESPORTS",21000602-001,Serveis,Dietes personal directiu Comissionat Innovació D.,CENTRAL DE VIAJES SL,B08323404,2021-03-08 00:00:00,413.22,500.0,2021-07-30 00:00:00,-147.83,-178.87,,X,-35.775131891002374,2021,-35.775131891002374,0300
"GERÈNCIA D'AREA DE L'AGENDA 2030, TRANSICIÓ DIGITAL I ESPORTS",21000950-001,Serveis,Servei d'ocultació dades personals en documents,SERIKAT CONSULTORIA E INFORMATICA S,A48476006,2021-03-15 00:00:00,6611.5,7999.92,2021-10-05 00:00:00,-5785.06,-6999.92,,X,-87.49996218709825,2021,-87.49996218709825,0300
"GERÈNCIA D'AREA DE L'AGENDA 2030, TRANSICIÓ DIGITAL I ESPORTS",21000960-001,Serveis,"Dietes personal directiu Ger. Àrea Ag.2030, Trans",CENTRAL DE VIAJES SL,B08323404,2021-03-23 00:00:00,1652.89,2000.0,2021-09-26 00:00:00,-307.93,-372.59,,X,-18.629793876180507,2021,-18.629793876180507,0300
"GERÈNCIA D'AREA DE L'AGENDA 2030, TRANSICIÓ DIGITAL I ESPORTS",21001138-001,Subministraments,SUBMINIS. I DISTRIBUCIO PINSO NICARBAZINA COLOMS,ZOOETHICS ETHICAL ANIMAL PROJECTS S,B66541988,2021-05-19 00:00:00,92475.76,104985.64,2021-08-23 00:00:00,18484.2,20332.62,X,,19.98815689646671,2021,19.98815689646671,0300
"GERÈNCIA D'AREA DE L'AGENDA 2030, TRANSICIÓ DIGITAL I ESPORTS",21002237-001,Serveis,Despeses de viatges Relacions Internacionals,CENTRAL DE VIAJES SL,B08323404,2021-07-08 00:00:00,29338.84,35500.0,2021-08-03 00:00:00,-29338.84,-35500,,X,-100.0,2021,-100.0,0300
"GERÈNCIA D'AREA DE L'AGENDA 2030, TRANSICIÓ DIGITAL I ESPORTS",21004055-001,Serveis,Pla de Transició Digital Justa 2022-2026,"OPTIMPEOPLE,SL",B67585539,2021-11-16 00:00:00,12942.15,15660.0,MODIFICACIÓ CONTRACTE ANUL·LADA,,,,,,2021,,0300
GERÈNCIA DE SEGURETAT I PREVENCIÓ,21000992-001,Obres,Obres adequació pl.baixa Pi i Sunyer com a OIT,IMESAPI SA,A28010478,2021-07-08 00:00:00,126619.99,153210.19,2021-10-05 00:00:00,12518.8,15147.75,X,,10.0,2021,9.886906482933696,0400
DISTRICTE DE CIUTAT VELLA,20000105,Subministrament,"Lloguer de cabines sanitàries portàtils i urinaris de peu, inclosa la seva instal·lació, neteja, manteniment i retirada, per a festes, activitats i esdeveniments, així com per a la prevenció de conductes incíviques a la via pública del Districte de Ciutat Vella",TOI TOI SANITARIOS MOVILES SA,A62518121,2020-07-31 00:00:00,209832.7,253897.57,2021-11-29 00:00:00,24796.2,30003.4,,X,0.1182,2021,11.817128598164157,0601
DISTRICTE DE L'EIXAMPLE,17006723,Serveis,Gestió casals gent gran Dte Eixample,Ass.Esportiva Eixample Barcelona,G08943813,2018-07-31 00:00:00,2262997.99,2489297.78,2021-11-25 00:00:00,-195454.55,-215000,X,,,2021,-8.63697408763496,0602
DISTRICTE DE LES CORTS,19002818-003,SERVEIS,SUPORT TÈCNIC AUDIOVISUAL I SUBTITULACIÓ ACTES,INTEGRACIO SISTEMAS AUDIOVISUALS SL,B67093088,2021-04-20 00:00:00,24264.9,29360.54,2021-04-20 00:00:00,4852.98347107438,5872.11,x,,0.2,2021,20.000014304919368,0604
DISTRICTE DE LES CORTS,19003464-003,SUBMINISTRAMENTS,ARRENDAMENT I MANTENIMENT IMPRESSORES DTE,SERVICIOS MICROINFORMATICA SA,A25027145,2019-10-31 00:00:00,34800.0,42108.0,2021-04-12 00:00:00,0.0,0,,x,0.0,2021,0.0,0604
DISTRICTE DE SARRIÀ-SANT GERVASI,20C00014,concessió de serveis,"gestió, explotació i organització del Centre Cívic Vil•la Florida al Districte de Sarrià - Sant Gervasi","QSL Serveis Culturals, SLU",B60641925,2021-03-26 00:00:00,566272.0,566272.0,2021-12-29 00:00:00,0.0,0,,x,,2021,0.0,0605
DISTRICTE DE SARRIÀ-SANT GERVASI,18005015-003,serveis,"gestió, dinamització i coordinació del Centre Cívic Vallvidrera-Vázquez Montalban, Centre Cívic l’Elèctric i Casal de Barri Can Rectoret","Calaix de Cultura, SL",B63033740,2019-06-25 00:00:00,1463571.06,1770920.99,2021-11-08 00:00:00,0.0,0,,x,,2021,0.0,0605
DISTRICTE DE GRÀCIA,20004120-001,SERVEIS,Control d'accessos esdeveiments i activitats,PREVENTIVA SERVICIOS Y CONTROL,B62704531,15/04/2021,99254.0,120097.34,11/08/2021,18180.0,21997.8,,X,0.1832,2021,18.3166421504423,0606
DISTRICTE D'HORTA-GUINARDÓ,19001001-006,Serveis,Gent gran vulnerable del Districte d'Horta-Guinardó,ASOC. ESPORT-3,G08880577,13.05.2019,17499.99,21174.99,30.04.2021,5218.73,5218.73,,X,,2021,29.821331326475036,0607
DISTRICTE D'HORTA-GUINARDÓ,17001698,Serveis,Pistes poliesportives de Montbau i Can Baró,"LLOP GESTIO ESPORTIVA, SL",B62538228,15.02.2018,129200.0,156332.0,25.06.2021,4232.12,4232.12,,X,,2021,3.2756346749226006,0607
DISTRICTE DE NOU BARRIS,17002343-003,Serveis,DINAMITZACIÓ SOCIOEDUC. USUARIS PISTES A.GILABERT,PROGESS PROJEC.GESTIO SERVEIS SOCIA,B59960526,15.11.2017,136138.22,149752.04,12.02.2021,7126.7,7.839.37,,x,0.0575,2021,5.234900235951374,0608
DISTRICTE DE NOU BARRIS,17002343-004,Serveis,DINAMITZACIÓ SOCIOEDUC. USUARIS PISTES A.GILABERT,PROGESS PROJEC.GESTIO SERVEIS SOCIA,B59960526,15.11.2017,136138.22,149752.04,16.02.2021,3837.45,4221.2,,x,0.0282,2021,2.8187896095600484,0608
DISTRICTE DE NOU BARRIS,19004368-005,Serveis,SUPORT CONTRACTACIO COL.LECTIUS RISC EXCLUSIO SOC.,APRISE-CATALUNYA EMPRESA D'INSERCIO,B64241946,06.02.2020,110110.0,10010.0,5.07.2021,15566.71,14151.55,,x,,2021,14.137417128326218,0608
DISTRICTE DE NOU BARRIS,21000135-001,Subministraments,RECANVIS TIQUETS MAQUINA TORNS SSTT NOU BARRIS,Q-MATIC AB,N0304389J,19.01.2021,289.0,289.0,1.03.2021,60.69,60.69,,x,,2021,21.0,0608
DISTRICTE DE NOU BARRIS,21002058-001,Serveis,Servei casal estiu Victor Català amb mesures de co,"DIVERSPORT SPORT MANAGEMENT, S.L.",B17711474,30.07.2021,42035.61,382014.19,30.07.2021,0.0,0,,x,,2021,0.0,0608
"GERÈNCIA D'ECONOMIA, RECURSOS I PROMOCIÓ ECONÒMICA",18002603-002,Serveis,Comerç i escoles,LAVOLA 1981 SAU,A58635269,2019-01-23 00:00:00,114000.0,137940.0,2021-01-22 00:00:00,0.0,0,,X,,2021,0.0,0700
"GERÈNCIA D'ECONOMIA, RECURSOS I PROMOCIÓ ECONÒMICA",20002302-001,Serveis,"concepte, disseny i aplicació imatge gràfica BCW","JULIAN, PIKER Y FRMIN, S.L.",B67356089,2020-12-15 00:00:00,32000.0,38720.0,MODIFICACIÓ CONTRACTE ANUL·LADA,,,,,,2021,,0700
"GERÈNCIA D'ECONOMIA, RECURSOS I PROMOCIÓ ECONÒMICA",21000357L01-001,Serveis,"Enllumenat nadalenc Pl. Catalunya, C/ Aragó, Gran Via de les Corts Cat","ILUMINACIONES XIMENEZ, S.A.",A14041362,2021-08-06 00:00:00,1171500.0,1417515.0,2021-12-02 00:00:00,18180.0,21997.8,,X,1.5518565941101152,2021,1.5518565941101152,0700
"GERÈNCIA D'ECONOMIA, RECURSOS I PROMOCIÓ ECONÒMICA",21000357L03-001,Serveis,Enllumenat nadalenc Balmes,"ILUMINACIONES XIMENEZ, S.A.",A14041362,2021-08-06 00:00:00,47107.44,57000.0,2021-11-25 00:00:00,19200.0,23232,,X,40.757893020720296,2021,40.757893020720296,0700
"GERÈNCIA D'ECONOMIA, RECURSOS I PROMOCIÓ ECONÒMICA",21000357L09-001,Serveis,Enllumenat nadalenc Ciutat Vella,"ILUMINACIONES XIMENEZ, S.A.",A14041362,2021-08-06 00:00:00,68685.0,83108.85,MODIFICACIÓ CONTRACTE ANUL·LADA,,,,,,2021,,0700
"GERÈNCIA D'ECONOMIA, RECURSOS I PROMOCIÓ ECONÒMICA",21001591L01-001,Serveis,Serveis per a la gestió de la VII Fira CRiESS,AIRUN SERVEIS CULTURALS SL,B61519344,2021-11-19 00:00:00,35500.0,42955.0,2021-12-16 00:00:00,3656.0,4423.76,X,,10.298591549295773,2021,10.298591549295773,0700
"GERÈNCIA D'ECONOMIA, RECURSOS I PROMOCIÓ ECONÒMICA",21001924-001,Serveis,Despeses viatges Promoció de Ciutat,CENTRAL DE VIAJES SL,B08323404,2021-06-16 00:00:00,12396.7,15000.01,2021-09-27 00:00:00,-12396.7,-15000.01,,X,-100.0,2021,-100.0,0700
GERÈNCIA DE PRESSUPOSTOS I HISENDA,20000566L01-002,Serveis,Segones fases de projectes realitzats al 2019,INDRA SOLUCIONES TECNOLOGIAS DE LA,B88018098,2020-10-24 00:00:00,157420.0,190478.2,2021-07-22 00:00:00,28984.0,35070.64,,X,18.41189175454199,2021,18.41189175454199,0701
GERÈNCIA DE PRESSUPOSTOS I HISENDA,20002415L03-002,Privat d'Administració Pública,Pòlisses d'Accidents,MARKEL INSURANCE SE SUCUR.EN ESPAÑA,W2764898I,2020-12-31 00:00:00,444076.44,444076.44,2021-05-20 00:00:00,19048.78,19048.78,,X,4.289527271476055,2021,4.289527271476055,0701
GERÈNCIA DE RECURSOS,17002464-004,Serveis,Manteniment ascensors districtes i gerències,"ASCENSORES ERSCE, S.A.",A08277907,2017-11-20 00:00:00,739291.22,894542.38,2021-09-09 00:00:00,21538.24,26061.27,,X,2.9133634239562594,2021,2.9133634239562594,0705
GERÈNCIA DE RECURSOS,17002651-004,Serveis,"Servei de la impressió, escaneig i còpia a la GR",RICOH ESPAÑA SLU,B82080177,2018-01-31 00:00:00,1718745.12,2079681.6,2021-05-14 00:00:00,-242975.21,-294000,X,,-14.136779629081941,2021,-14.136779629081941,0705
GERÈNCIA DE RECURSOS,17004824-006,Serveis,"MANTENIMENT SIST.SEGURETAT, INCENDIS LOT 1",SABICO SEGURIDAD SA,A20202487,2018-06-18 00:00:00,404804.94,489813.98,2021-10-28 00:00:00,50600.48,61226.58,X,,12.499966033023215,2021,12.499966033023215,0705
GERÈNCIA DE RECURSOS,17005134-006,Serveis,manteniment integral edifici carrer Calàbria,UTE CALABRIA GESTIO INTEGRAL,U67150912,2018-03-22 00:00:00,806159.65,975453.18,2021-04-08 00:00:00,88880.42,107545.31,X,,11.025163564065753,2021,11.025163564065753,0705
GERÈNCIA DE RECURSOS,18002353L01-005,Serveis,Expedient Electrònic de Contractació,GUADALTEL S.A.,A41414145,2018-11-27 00:00:00,1569650.0,1899276.5,2021-11-17 00:00:00,615210.74,744405.6,,X,39.19413499824802,2021,39.19413499824802,0705
GERÈNCIA DE RECURSOS,18002724-002,Serveis,Desenvolupament pla accessibilitat web i contingut,"TOTHOMWEB, S.L.",B55183933,2019-01-07 00:00:00,495205.71,599198.91,2021-05-13 00:00:00,42137.61,50986.51,X,,8.50911230405643,2021,8.50911230405643,0705
GERÈNCIA DE RECURSOS,18003447L01-003,Serveis,Manteniment Via Pública Dte CIUTAT VELLA 2019-2021,"CONSTRUCCIONES Y SERVICIOS FAUS, S.",A58869892,2019-03-12 00:00:00,1838696.91,2224823.25,2021-05-06 00:00:00,0.0,0,,X,0.0,2021,0.0,0705
GERÈNCIA DE RECURSOS,18003447L01-004,Serveis,Manteniment Via Pública Dte CIUTAT VELLA 2019-2021,"CONSTRUCCIONES Y SERVICIOS FAUS, S.",A58869892,2019-03-12 00:00:00,1838696.91,2224823.25,2021-07-14 00:00:00,123966.94,150000,X,,6.742108464194896,2021,6.742108464194896,0705
GERÈNCIA DE RECURSOS,18003447L02-002,Serveis,Manteniment Via Pública Dte EIXAMPLE 2019-2021,CONSTRAULA ENGINYERIA I OBRES SAU,A58142639,2019-03-13 00:00:00,1483468.92,1794997.38,2021-05-06 00:00:00,0.0,0,,X,0.0,2021,0.0,0705
GERÈNCIA DE RECURSOS,18003447L02-003,Serveis,Manteniment Via Pública Dte EIXAMPLE 2019-2021,CONSTRAULA ENGINYERIA I OBRES SAU,A58142639,2019-03-13 00:00:00,1483468.92,1794997.38,2021-07-14 00:00:00,113773.96,137666.49,X,,7.66945356698137,2021,7.66945356698137,0705
GERÈNCIA DE RECURSOS,18003447L03-002,Serveis,Manteniment Via Pública SANTS-MONTJUÏC 2019-2021,UTE SANTS MANTENIMENT VIA PUBLICA,U67372151,2019-03-13 00:00:00,2568984.03,3108470.67,2021-05-06 00:00:00,0.0,0,,X,0.0,2021,0.0,0705
GERÈNCIA DE RECURSOS,18003447L03-003,Serveis,Manteniment Via Pública SANTS-MONTJUÏC 2019-2021,UTE SANTS MANTENIMENT VIA PUBLICA,U67372151,2019-03-13 00:00:00,2568984.03,3108470.67,2021-07-14 00:00:00,204323.14,247231,X,,7.953460886247705,2021,7.953460886247705,0705
GERÈNCIA DE RECURSOS,18003447L04-003,Serveis,Manteniment Via Pública LES CORTS 2019-2021,"M. I J. GRUAS, S.A.",A25031576,2019-03-13 00:00:00,979546.35,1185251.07,2021-05-06 00:00:00,0.0,0,,X,0.0,2021,0.0,0705
GERÈNCIA DE RECURSOS,18003447L04-004,Serveis,Manteniment Via Pública LES CORTS 2019-2021,"M. I J. GRUAS, S.A.",A25031576,2019-03-13 00:00:00,979546.35,1185251.07,2021-07-14 00:00:00,65289.26,79000,X,,6.665254788606992,2021,6.665254788606992,0705
GERÈNCIA DE RECURSOS,18003447L05-002,Serveis,Mant. Via Pública SARRIÀ-SANT GERVASI 2019-2021,UTE SARRIA MANT VIA PUBLI,U67372185,2019-03-13 00:00:00,2277292.74,2755524.21,2021-05-06 00:00:00,0.0,0,,X,0.0,2021,0.0,0705
GERÈNCIA DE RECURSOS,18003447L05-003,Serveis,Mant. Via Pública SARRIÀ-SANT GERVASI 2019-2021,UTE SARRIA MANT VIA PUBLI,U67372185,2019-03-13 00:00:00,2277292.74,2755524.21,2021-07-14 00:00:00,67355.37,81500,X,,2.957694846030203,2021,2.957694846030203,0705
GERÈNCIA DE RECURSOS,18003447L06-002,Serveis,Manteniment Via Pública GRÀCIA 2019-2021,CONSTRAULA ENGINYERIA I OBRES SAU,A58142639,2019-03-13 00:00:00,1485164.82,1797049.41,2021-05-06 00:00:00,0.0,0,,X,0.0,2021,0.0,0705
GERÈNCIA DE RECURSOS,18003447L06-003,Serveis,Manteniment Via Pública GRÀCIA 2019-2021,CONSTRAULA ENGINYERIA I OBRES SAU,A58142639,2019-03-13 00:00:00,1485164.82,1797049.41,2021-07-14 00:00:00,59406.59,71881.97,X,,3.999999811468736,2021,3.999999811468736,0705
GERÈNCIA DE RECURSOS,18003447L07-002,Serveis,Manteniment Via Pública HORTA-GUINARDÓ 2019-2021,SERV. INTEGRALS MANTENIMENT RUBATEC,A60744216,2019-03-13 00:00:00,2114172.9,2558149.2,2021-05-06 00:00:00,0.0,0,,X,0.0,2021,0.0,0705
GERÈNCIA DE RECURSOS,18003447L07-003,Serveis,Manteniment Via Pública HORTA-GUINARDÓ 2019-2021,SERV. INTEGRALS MANTENIMENT RUBATEC,A60744216,2019-03-13 00:00:00,2114172.9,2558149.2,2021-07-14 00:00:00,28925.62,35000,X,,1.3681766519663554,2021,1.3681766519663554,0705
GERÈNCIA DE RECURSOS,18003447L08-002,Serveis,Manteniment Via Pública NOU BARRIS 2019-2021,CONSTRAULA ENGINYERIA I OBRES SAU,A58142639,2019-03-13 00:00:00,2263035.12,2738272.47,2021-05-06 00:00:00,0.0,0,,X,0.0,2021,0.0,0705
GERÈNCIA DE RECURSOS,18003447L08-003,Serveis,Manteniment Via Pública NOU BARRIS 2019-2021,CONSTRAULA ENGINYERIA I OBRES SAU,A58142639,2019-03-13 00:00:00,2263035.12,2738272.47,2021-07-14 00:00:00,175662.4,212551.5,X,,7.762248073286639,2021,7.762248073286639,0705
GERÈNCIA DE RECURSOS,18003447L09-002,Serveis,Manteniment Via Pública SANT ANDREU 2019-2021,CONSTRAULA ENGINYERIA I OBRES SAU,A58142639,2019-03-13 00:00:00,1815349.44,2196572.82,2021-05-06 00:00:00,0.0,0,,X,0.0,2021,0.0,0705
GERÈNCIA DE RECURSOS,18003447L09-003,Serveis,Manteniment Via Pública SANT ANDREU 2019-2021,CONSTRAULA ENGINYERIA I OBRES SAU,A58142639,2019-03-13 00:00:00,1815349.44,2196572.82,2021-07-14 00:00:00,147469.58,178438.19,X,,8.123481724818776,2021,8.123481724818776,0705
GERÈNCIA DE RECURSOS,18003447L10-002,Serveis,Manteniment Via Pública SANT MARTÍ 2019-2021,CONSTRAULA ENGINYERIA I OBRES SAU,A58142639,2019-03-13 00:00:00,2683316.34,3246812.76,2021-05-06 00:00:00,0.0,0,,X,0.0,2021,0.0,0705
GERÈNCIA DE RECURSOS,18003447L10-003,Serveis,Manteniment Via Pública SANT MARTÍ 2019-2021,CONSTRAULA ENGINYERIA I OBRES SAU,A58142639,2019-03-13 00:00:00,2683316.34,3246812.76,2021-07-14 00:00:00,173377.28,209786.51,X,,6.461306012096957,2021,6.461306012096957,0705
GERÈNCIA DE RECURSOS,18003600-002,Serveis,Missatgeria Centralitzada Ajuntament de Barcelona,"ARA VINC, S.L.",B59460618,2019-01-03 00:00:00,513369.2,621176.73,2021-03-18 00:00:00,1564.9,1893.53,X,,0.30482935088431484,2021,0.30482935088431484,0705
GERÈNCIA DE RECURSOS,18003600-003,Serveis,Missatgeria Centralitzada Ajuntament de Barcelona,"ARA VINC, S.L.",B59460618,2019-01-03 00:00:00,513369.2,621176.73,2021-11-08 00:00:00,-6115.7,-7400,,X,-1.1912868945000985,2021,-1.1912868945000985,0705
GERÈNCIA DE RECURSOS,18003968L01-004,Serveis,"Neteja ed. Lot 1 Gerència Recursos, Ciutat Vella","SERVICIOS OPERATIVOS INTERNOS, S.A.",A43057124,2019-06-03 00:00:00,10925877.55,13220311.83,2021-02-25 00:00:00,491583.04,594815.48,,X,4.499254524411176,2021,4.499254524411176,0705
GERÈNCIA DE RECURSOS,18003968L01-005,Serveis,"Neteja ed. Lot 1 Gerència Recursos, Ciutat Vella","SERVICIOS OPERATIVOS INTERNOS, S.A.",A43057124,2019-06-03 00:00:00,10925877.55,13220311.83,2021-05-10 00:00:00,-142756.6,-172735.49,,X,-1.3065916156089448,2021,-1.3065916156089448,0705
GERÈNCIA DE RECURSOS,18003968L01-006,Serveis,"Neteja ed. Lot 1 Gerència Recursos, Ciutat Vella","SERVICIOS OPERATIVOS INTERNOS, S.A.",A43057124,2019-06-03 00:00:00,10925877.55,13220311.83,2021-12-02 00:00:00,57603.31,69700,,X,0.5272190699226718,2021,0.5272190699226718,0705
GERÈNCIA DE RECURSOS,18003968L02-003,Serveis,Neteja ed. Lot 2 Dte de l'Eixample,MULTIANAU S.L.,B50819507,2019-06-03 00:00:00,3942782.9,4770767.31,2021-12-02 00:00:00,138904.19,168074.07,,X,3.522998692116677,2021,3.522998692116677,0705
GERÈNCIA DE RECURSOS,18003968L03-002,Serveis,Neteja ed. Lot 3 Dte de Sants-Montjuïc,"MULTISERVEIS NDAVANT, SL",B60579240,2019-06-03 00:00:00,3829791.25,4634047.41,2021-12-02 00:00:00,10743.8,13000,,X,0.2805322613863092,2021,0.2805322613863092,0705
GERÈNCIA DE RECURSOS,18003968L04-002,Serveis,"Neteja ed. Lot 4 Gerència Drets Socials, Les Corts","MULTISERVEIS NDAVANT, SL",B60579240,2019-06-03 00:00:00,5508961.8,6665843.79,2021-12-02 00:00:00,521900.83,631500,,X,9.473669430780951,2021,9.473669430780951,0705
GERÈNCIA DE RECURSOS,18003968L05-002,Serveis,"Neteja ed. Lot 5 Ger Seg i Prev, Sarrià-St Gervasi","OPTIMA FACILITY SERVICES, SL",B60124831,2019-06-03 00:00:00,7269708.59,8796347.41,2021-12-02 00:00:00,123326.45,149225,,X,1.696442828116168,2021,1.696442828116168,0705
GERÈNCIA DE RECURSOS,18003968L06-002,Serveis,"Neteja ed. Lot 6 Ger. Ecol. Urbana, Gràcia","MULTISERVEIS NDAVANT, SL",B60579240,2019-06-03 00:00:00,4387127.38,5308424.14,2021-12-02 00:00:00,86473.45,104632.87,,X,1.9710722418094,2021,1.9710722418094,0705
GERÈNCIA DE RECURSOS,18003968L07-002,Serveis,Neteja ed. Lot 7 Dte d'Horta-Guinardó,"OPTIMA FACILITY SERVICES, SL",B60124831,2019-06-03 00:00:00,3485850.12,4217878.65,2021-12-02 00:00:00,50543.53,61157.67,,X,1.4499627998922684,2021,1.4499627998922684,0705
GERÈNCIA DE RECURSOS,18003968L08-002,Serveis,Neteja ed. Lot 8 Dte de Nou Barris,"BROCOLI, SL",B29778651,2019-06-05 00:00:00,4652892.03,3845365.31,2021-12-02 00:00:00,16528.93,20000,,X,0.3552399216106461,2021,0.3552399216106461,0705
GERÈNCIA DE RECURSOS,18003968L09-002,Serveis,Neteja ed. Lot 9 Dte de Sant Andreu,"OPTIMA FACILITY SERVICES, SL",B60124831,2019-06-03 00:00:00,4029014.49,4875107.54,2021-12-02 00:00:00,100938.67,122135.79,,X,2.5052942909619564,2021,2.5052942909619564,0705
GERÈNCIA DE RECURSOS,19000876-001,Serveis,SERVEIS PROCURADORIA,SANZ LOPEZ JESUS,XXXXXX,2019-06-12 00:00:00,198347.04,239999.92,2021-03-16 00:00:00,15866.0,19197.86,X,,7.999111053031091,2021,7.999111053031091,0705
GERÈNCIA DE RECURSOS,19001424L01-002,Serveis,"CIVIL, MERCANTIL, CONCURSAL","JANE ADVOCATS, SLP",B63143622,2019-08-24 00:00:00,40000.0,48400.0,2021-03-18 00:00:00,8000.0,9680,X,,20.0,2021,20.0,0705
GERÈNCIA DE RECURSOS,19001424L02-002,Serveis,SOCIAL,"BUFET VALLBE, SLP",B61603007,2019-08-24 00:00:00,66349.4,80282.78,2021-06-17 00:00:00,13269.9,16056.58,,X,20.000030143452694,2021,20.000030143452694,0705
GERÈNCIA DE RECURSOS,19001424L04-002,Serveis,CONTENCIÓS ADMINISTRATIU I D’ALTRES ÒRGANS ADMINIS,BARCELONA ESPAI LEGAL ADVOCATS S.L.,B64951668,2019-08-24 00:00:00,100000.0,121000.0,2021-06-10 00:00:00,20000.0,24200,X,,20.0,2021,20.0,0705
GERÈNCIA DE RECURSOS,19001424L04-004,Serveis,CONTENCIÓS ADMINISTRATIU I D’ALTRES ÒRGANS ADMINIS,BARCELONA ESPAI LEGAL ADVOCATS S.L.,B64951668,2019-08-24 00:00:00,100000.0,121000.0,2021-11-25 00:00:00,50000.0,60500,,X,50.0,2021,50.0,0705
GERÈNCIA DE RECURSOS,19002998-001,Subministraments,Elements Publicitaris,PUBLISERVEI SL,B59127431,2019-12-28 00:00:00,425280.99,514590.0,2021-04-29 00:00:00,66115.7,80000,,,15.546356774611533,2021,15.546356774611533,0705
GERÈNCIA DE RECURSOS,19002998-002,Subministraments,Elements Publicitaris,PUBLISERVEI SL,B59127431,2019-12-28 00:00:00,425280.99,514590.0,MODIFICACIÓ CONTRACTE ANUL·LADA,,,,,,2021,,0705
GERÈNCIA DE RECURSOS,19003455-002,Serveis,Servei de consergeria edificis  Gerència Recursos,CAN CET CENTRE D'INSERCIÓ SOC.LAB.,B60759644,2020-07-17 00:00:00,663377.0,802686.17,2021-12-03 00:00:00,-90909.09,-110000,,X,-13.703985818019015,2021,-13.703985818019015,0705
GERÈNCIA DE RECURSOS,19005209-003,Serveis,Assistència tècnica i suport telecos,SAYOS & CARRERA SL,B60900214,2020-10-27 00:00:00,80000.0,96800.0,MODIFICACIÓ CONTRACTE ANUL·LADA,,,,,,2021,,0705
GERÈNCIA DE RECURSOS,20000090L01-002,Serveis,Esdeveniments de l'Ajuntament,"EURO-TOMB BARCELONA, SL",B60976495,2020-12-10 00:00:00,280600.0,339526.0,2021-04-22 00:00:00,0.0,0,,,0.0,2021,0.0,0705
GERÈNCIA DE RECURSOS,20000184-002,Serveis,Consultoria projecte e-Arxiu i seguiment IPAC,"GABINETE UMBUS, SL",B85374023,2020-07-29 00:00:00,62500.0,75625.0,2021-02-08 00:00:00,2847.4,3445.35,X,,4.55584,2021,4.55584,0705
GERÈNCIA DE RECURSOS,20000204-002,Obres,"Obres Casa Gran planta 3, fase 3",EUROCATALANA OBRES I SERVEIS SL.,B62554035,2020-11-12 00:00:00,593561.98,718210.0,2021-07-22 00:00:00,0.0,0,,X,0.0,2021,0.0,0705
GERÈNCIA DE RECURSOS,20000204-003,Obres,"Obres Casa Gran planta 3, fase 3",EUROCATALANA OBRES I SERVEIS SL.,B62554035,2020-11-12 00:00:00,593561.98,718210.0,2021-09-30 00:00:00,0.0,0,,X,0.0,2021,0.0,0705
GERÈNCIA DE RECURSOS,20000204-004,Obres,"Obres Casa Gran planta 3, fase 3",EUROCATALANA OBRES I SERVEIS SL.,B62554035,2020-11-12 00:00:00,593561.98,718210.0,2021-11-04 00:00:00,21554.22,26080.61,X,,3.631334338496546,2021,3.631334338496546,0705
GERÈNCIA DE RECURSOS,20000298L01-002,Subministraments,"Medalles d'Or Ciutat i al Mèrit Cultural, Esportiu","PEDRO FACI, SA",A50010685,2020-10-26 00:00:00,41112.0,49745.52,2021-04-01 00:00:00,0.0,0,,X,0.0,2021,0.0,0705
GERÈNCIA DE RECURSOS,20000839-001,Subministraments,Arrendament vehicles Gerència de Recursos,ALD AUTOMOTIVE SA,A80292667,2021-11-19 00:00:00,556585.92,673468.96,2022-01-27 00:00:00,0.0,0,,X,0.0,2021,0.0,0705
GERÈNCIA DE RECURSOS,20002256-002,Serveis,Servei neteja i recollida ed Sant Martí 2021-2023,"MULTISERVEIS NDAVANT, SL",B60579240,2021-03-17 00:00:00,3254670.07,3938150.79,MODIFICACIÓ CONTRACTE ANUL·LADA,,,,,,2021,,0705
GERÈNCIA DE RECURSOS,20002256-004,Serveis,Servei neteja i recollida ed Sant Martí 2021-2023,"MULTISERVEIS NDAVANT, SL",B60579240,2021-03-17 00:00:00,3254670.07,3938150.79,2021-12-09 00:00:00,95041.32,115000,,X,2.9201522106970432,2021,2.9201522106970432,0705
GERÈNCIA DE RECURSOS,20002568-002,Serveis,"IMPRESSIÓ, ENQUADERNACIÓ I LLIURAMENT DE LLIBRES",VANGUARD GRÀFIC. S.A.,A58873050,2021-03-15 00:00:00,44185.55,45952.97,2021-03-30 00:00:00,0.0,0,,X,0.0,2021,0.0,0705
GERÈNCIA DE RECURSOS,20002647-001,Serveis,Notificacions Padró d'Habitants Lot 1,RECERCA I DESENVOLUPAMENT EMPR,B60261815,2020-09-02 00:00:00,302860.0,366460.6,2021-08-17 00:00:00,-995.5,-1204.56,,X,-0.3286997292478373,2021,-0.3286997292478373,0705
GERÈNCIA DE RECURSOS,20002648-001,Serveis,Serveis Postals Padró d'Habitants Lot 2,RECERCA I DESENVOLUPAMENT EMPR,B60261815,2020-09-02 00:00:00,34398.0,41621.58,2021-08-17 00:00:00,-4313.8,-5219.7,,X,-12.540845397988257,2021,-12.540845397988257,0705
GERÈNCIA DE RECURSOS,20002770-001,Serveis,"Servei de logística integral de magatzem, mudances","ARA VINC, S.L.",B59460618,2021-01-25 00:00:00,1193599.8,1444255.77,MODIFICACIÓ CONTRACTE ANUL·LADA,,,,,,2021,,0705
GERÈNCIA DE RECURSOS,20002792-003,Serveis,MESURES DE REACTIVACIO ECONOMICA,WAVEMAKER PUBLICIDAD SPAIN SL,B81173171,2020-10-14 00:00:00,404779.65,489783.38,2021-11-03 00:00:00,0.0,0,X,,0.0,2021,0.0,0705
GERÈNCIA DE RECURSOS,20002837-001,Serveis,Suport tècnic i logístic per actes ciutadans,INICIATIVES EVENTS SL,B64709363,2021-01-25 00:00:00,942148.77,1140000.0,2021-11-11 00:00:00,190082.64,230000,,X,20.175437898199455,2021,20.175437898199455,0705
GERÈNCIA DE RECURSOS,20004040-001,Serveis,Viatges càrrecs electes gener-juny 2021,CENTRAL DE VIAJES SL,B08323404,2020-12-29 00:00:00,45454.55,55000.0,2021-05-31 00:00:00,-19873.15,-24046.51,,X,-43.720925627907434,2021,-43.720925627907434,0705
GERÈNCIA DE RECURSOS,20004241-003,Serveis,Contractació basada AM Teleco 16002540 LOT 2,VODAFONE ESPAÑA SAU,A80907397,2020-12-30 00:00:00,492358.68,595754.0,2021-09-28 00:00:00,-47934.0,-58000,,X,-9.735585447584675,2021,-9.735585447584675,0705
GERÈNCIA DE RECURSOS,20004242-001,Serveis,Contractació basada AM Teleco 16002540 LOT 3,VODAFONE ESPAÑA SAU,A80907397,2020-12-30 00:00:00,1069529.75,1294131.0,2021-04-08 00:00:00,-63636.64,-770000,,X,-5.949964458679153,2021,-5.949964458679153,0705
GERÈNCIA DE RECURSOS,20004242-003,Serveis,Contractació basada AM Teleco 16002540 LOT 3,VODAFONE ESPAÑA SAU,A80907397,2020-12-30 00:00:00,1069529.75,1294131.0,2021-09-28 00:00:00,-574380.17,-695000,,X,-53.70399187119387,2021,-53.70399187119387,0705
GERÈNCIA DE RECURSOS,21000760L01-001,Subministraments,Medalles d’Or de la Ciutat i Medalles d’Or al Mèri,"PEDRO FACI, SA",A50010685,2021-06-21 00:00:00,34300.0,41503.0,2021-07-28 00:00:00,0.0,0,,X,0.0,2021,0.0,0705
GERÈNCIA DE RECURSOS,21000760L02-001,Subministraments,Medalles d’Honor i Títol d’Amic de Barcelona,"PEDRO FACI, SA",A50010685,2021-06-21 00:00:00,17475.0,21144.75,2021-07-28 00:00:00,0.0,0,,X,0.0,2021,0.0,0705
GERÈNCIA DE RECURSOS,21001003-001,Subministraments,Contracte Centralitzat de Carburants,"SOLRED, S.A.",A79707345,2021-10-14 00:00:00,1261518.6,1526437.5,2021-12-09 00:00:00,12396.69,15000,X,,0.9826799224363398,2021,0.9826799224363398,0705
GERÈNCIA DE RECURSOS,21001694-002,Serveis,Suport administratiu gestió convocatòria subvencio,"MIRALLES & SERRA ASSESSORS, S.",B63584247,2021-09-01 00:00:00,60276.0,72933.96,2021-12-16 00:00:00,6027.6,9377.36,,X,10.0,2021,10.0,0705
GERÈNCIA DE RECURSOS,21002285-001,Serveis,Viatges càrrecs electes des del 20 de juny 2021,CENTRAL DE VIAJES SL,B08323404,2021-07-07 00:00:00,19834.71,24000.0,2021-08-17 00:00:00,-19834.71,-24000,,X,-100.0,2021,-100.0,0705
GERÈNCIA DE PERSONES I DESENVOLUPAMENT ORGANITZATIU,20000475-001,Serveis,Servei de manteniment i control horari,"PRIMION DIGITEK, S.L.U.",B63965933,2020-12-11 00:00:00,61460.55,74367.27,MODIFICACIÓ CONTRACTE ANUL·LADA,,,,,,2021,,0707
"GERÈNCIA D'ÀREA DE CULTURA, EDUCACIÓ, CIÈNCIA I COMUNITAT",19000238,Serveis,Suport i Assessorament Consell de Ciutat,E1DOS DINAMITZACIÓ SOCIAL SL,B63947238,2019-09-02 00:00:00,86170.16,104265.89,2021-09-08 00:00:00,17234.02,20853.17,x,,0.2,2021,19.999986074065546,0800
"GERÈNCIA D'ÀREA DE CULTURA, EDUCACIÓ, CIÈNCIA I COMUNITAT",19004716,Serveis,PAM 15_Suport i coordinació,FUNDACIO FRANCESC FERRER I GUA,G58506981,2019-12-20 00:00:00,19723.67,23865.64,2021-04-26 00:00:00,3945.1,4773.57,x,,0.2,2021,20.001855638428346,0800
"GERÈNCIA D'ÀREA DE CULTURA, EDUCACIÓ, CIÈNCIA I COMUNITAT",20000965L01,Serveis,Adaptacions i maquetacions àrea CECiC (Lot 1 - Acció comunitària),"UAN-TU-TRI, S.L.",B61505566,2020-09-15 00:00:00,19633.33,23756.33,2021-12-24 00:00:00,-8404.13,-10169,x,,,2021,-42.80542322672719,0800
"GERÈNCIA D'ÀREA DE CULTURA, EDUCACIÓ, CIÈNCIA I COMUNITAT",20000965L02,Serveis,Adaptacions i maquetacions àrea CECiC (Lot 2 - Innovació democràtica i Democràcia activa),"UAN-TU-TRI, S.L.",B61505566,2020-09-15 00:00:00,15358.33,18583.58,2021-12-24 00:00:00,-9715.45,-11755.69,x,,,2021,-63.258505319263236,0800
"GERÈNCIA D'ÀREA DE CULTURA, EDUCACIÓ, CIÈNCIA I COMUNITAT",20000965L03,Serveis,Adaptacions i maquetacions àrea CECiC (Lot 3 -Interculturalitat i pluralisme religiós),PRODUCCIONES  MIC   S.L,B24301871,2020-09-15 00:00:00,32933.34,39849.34,2021-12-14 00:00:00,-18014.38,-21797.4,x,,,2021,-54.69952334017747,0800
"GERÈNCIA D'ÀREA DE CULTURA, EDUCACIÓ, CIÈNCIA I COMUNITAT",20000965L04,Serveis,Adaptacions i maquetacions àrea CECiC (Lot 4 -Ciència i Comunicació),PRODUCCIONES  MIC   S.L,B24301871,2020-09-15 00:00:00,61000.0,73810.0,2021-12-14 00:00:00,-48429.75,-58600,x,,,2021,-79.39303278688524,0800
"GERÈNCIA D'ÀREA DE CULTURA, EDUCACIÓ, CIÈNCIA I COMUNITAT",20001291L01,Serveis,"Producció continguts multimèdia, audiov i fotògraf ",SORTKAT ESTUDIOS S.L.,B62731039,2020-11-05 00:00:00,15833.0,19157.93,2021-12-14 00:00:00,-1859.5,-2250,x,,,2021,-11.744457778058486,0800
"GERÈNCIA D'ÀREA DE CULTURA, EDUCACIÓ, CIÈNCIA I COMUNITAT",21000495,Serveis,Biennal Ciutat i Ciència 2021 adm/gestió ponències ,HOTARU S.C.P,J67166959,2021-04-12 00:00:00,108908.9,131779.77,2021-05-14 00:00:00,21696.1,26252.28,x,,0.1992,2021,19.921328743564576,0800
