organ_contractant,contracte_num,tipus_de_contracte_obres_serveis_subministraments,objecte_del_contracte,nom_adjudicatari_rao_social,nif_adjudicatari_persones_fisiques_anonimitzat,data_formalitzacio_contracte,preu_contracte_sense_iva,preu_contracte_iva_inclos,data_formalitzacio_modificacio,import_modificacio_sense_iva,import_modificacio_iva_inclos,prevista_en_el_plec,no_prevista_en_el_plec,%_variacio_sobre_el_preu_del_contracte_sense_iva,any,tipus_de_modificaciò,tipo_modificaciò
Gerència de Recursos  (codi antic  0101),17004830-005,Serveis,"MANTENIMENT SIST.SEGURETAT, INCENDIS LOT 2",INV PROTECCION SL,B85582013,2017-12-04 00:00:00,816500.56,987965.68,2021-09-09 00:00:00,49872.45,60345.66,,X,6.108072969355955,2021,increment,Increment
Gerència de Recursos  (codi antic  0101),18003448L01-003,Serveis,"Mant. edificis Lot 1 Ger. Recursos, Ciutat Vella",UTE FAUS-MIATEC MANT.EDIF.LOT 1 CON,U67421511,2019-06-01 00:00:00,5575871.82,6746804.86,2021-05-06 00:00:00,0.0,0,,X,0.0,2021,Importe no modificado,Importe no modificado
Gerència de Recursos  (codi antic  0101),18003448L01-004,Serveis,"Mant. edificis Lot 1 Ger. Recursos, Ciutat Vella",UTE FAUS-MIATEC MANT.EDIF.LOT 1 CON,U67421511,2019-06-01 00:00:00,5575871.82,6746804.86,2021-07-14 00:00:00,404171.53,489047.55,X,,5.990562027311992,2021,increment,Increment
Gerència de Recursos  (codi antic  0101),18003448L02-003,Serveis,"Mant. edificis Lot 2 Ger. Drets Social, Eixample",IMESAPI SA,A28010478,2019-06-01 00:00:00,5118666.21,6193586.22,2021-05-06 00:00:00,0.0,0,,X,0.0,2021,Importe no modificado,Importe no modificado
Gerència de Recursos  (codi antic  0101),18003448L02-004,Serveis,"Mant. edificis Lot 2 Ger. Drets Social, Eixample",IMESAPI SA,A28010478,2019-06-01 00:00:00,5118666.21,6193586.22,2021-07-14 00:00:00,361602.37,437538.87,X,,7.064386603165515,2021,increment,Increment
Gerència de Recursos  (codi antic  0101),18003448L03-003,Serveis,"Mant. edificis Lot 3 Seguretat i Prev, Ecol.Urbana","UTE API MOVILIDAD, SA-ILUNION LIMPI",U88376264,2019-06-01 00:00:00,3929809.55,4755069.55,2021-05-06 00:00:00,0.0,0,,X,0.0,2021,Importe no modificado,Importe no modificado
Gerència de Recursos  (codi antic  0101),18003448L03-004,Serveis,"Mant. edificis Lot 3 Seguretat i Prev, Ecol.Urbana","UTE API MOVILIDAD, SA-ILUNION LIMPI",U88376264,2019-06-01 00:00:00,3929809.55,4755069.55,MODIFICACIÓ CONTRACTE ANUL·LADA,,,,,,2021,Importe no modificado,Importe no modificado
Gerència de Recursos  (codi antic  0101),18003448L04-003,Serveis,"Mant. edificis Lot 4 Sants-Montjuic, Les Corts",SERVICIOS E INSTALACIONES ALDAGO SL,B61563169,2019-06-01 00:00:00,3078598.94,3725104.73,2021-05-06 00:00:00,0.0,0,,X,0.0,2021,Importe no modificado,Importe no modificado
Gerència de Recursos  (codi antic  0101),18003448L04-004,Serveis,"Mant. edificis Lot 4 Sants-Montjuic, Les Corts",SERVICIOS E INSTALACIONES ALDAGO SL,B61563169,2019-06-01 00:00:00,3078598.94,3725104.73,2021-07-14 00:00:00,221574.7,268105.39,X,,7.197257723995709,2021,increment,Increment
Gerència de Recursos  (codi antic  0101),18003448L05-003,Serveis,"Mant. edificis Lot 5 Sarrià-Sant Gervasi, Gràcia",UTE FAUS-MIATEC MANT.EDIF.LOT 5 CON,U67421529,2019-06-01 00:00:00,2491944.63,3015253.0,2021-05-06 00:00:00,0.0,0,,X,0.0,2021,Importe no modificado,Importe no modificado
Gerència de Recursos  (codi antic  0101),18003448L05-004,Serveis,"Mant. edificis Lot 5 Sarrià-Sant Gervasi, Gràcia",UTE FAUS-MIATEC MANT.EDIF.LOT 5 CON,U67421529,2019-06-01 00:00:00,2491944.63,3015253.0,2021-07-14 00:00:00,68520.98,82910.39,X,,2.749699137576745,2021,increment,Increment
Gerència de Recursos  (codi antic  0101),18003448L06-003,Serveis,"Mant. edificis Lot 6 Horta Guinardó, Nou Barris",UTE FAUS-MIATEC MANT.EDIF.LOT 6 CON,U67421552,2019-06-01 00:00:00,4742156.22,5738009.01,2021-05-06 00:00:00,0.0,0,,X,0.0,2021,Importe no modificado,Importe no modificado
Gerència de Recursos  (codi antic  0101),18003448L06-004,Serveis,"Mant. edificis Lot 6 Horta Guinardó, Nou Barris",UTE FAUS-MIATEC MANT.EDIF.LOT 6 CON,U67421552,2019-06-01 00:00:00,4742156.22,5738009.01,2021-07-14 00:00:00,262072.93,317108.24,X,,5.526450792462505,2021,increment,Increment
Gerència de Recursos  (codi antic  0101),18003448L07-003,Serveis,"Mant. edificis Lot 7 Sant Andreu, Sant Martí",SERVICIOS E INSTALACIONES ALDAGO SL,B61563169,2019-06-01 00:00:00,5405015.15,6540068.34,2021-05-06 00:00:00,0.0,0,,X,0.0,2021,Importe no modificado,Importe no modificado
Gerència de Recursos  (codi antic  0101),18003448L07-004,Serveis,"Mant. edificis Lot 7 Sant Andreu, Sant Martí",SERVICIOS E INSTALACIONES ALDAGO SL,B61563169,2019-06-01 00:00:00,5405015.15,6540068.34,2021-07-14 00:00:00,384266.17,464962.07,X,,7.1094374268312635,2021,increment,Increment
Gerència de Recursos  (codi antic  0101),19000462-004,Serveis,Coord. seg. i salut relac. neteja i mante 19-21,"COPREDIJE, S.A.",A82003815,2019-07-04 00:00:00,280500.0,339404.97,2021-12-22 00:00:00,21326.2,25804.7,X,,7.602923351158646,2021,increment,Increment
Gerència Municipal  (0104),18003434L01-003,Serveis,Districte Ciutat Vella,"SERVEIS DEL ESPECTACLE FOCUS, S.A.",A58116369,2018-12-31 00:00:00,600000.0,726000.0,2021-09-09 00:00:00,-82644.63,-100000,,X,-13.774105,2021,decrement,Decrement
Gerència Municipal  (0104),18003434L02-003,Serveis,Districte  L'Eixample,"LA LLAUNA, S.C.C.L.",F58184201,2018-12-31 00:00:00,396694.22,480000.0,MODIFICACIÓ CONTRACTE ANUL·LADA,,,,,,2021,Importe no modificado,Importe no modificado
Gerència Municipal  (0104),18003434L06-003,Serveis,Districte Sarrià-Sant Gervasi,"SERVEIS  L'ESPECTACLE RULOT, S.L.U.",B67068874,2019-01-31 00:00:00,200000.0,242000.0,2021-04-22 00:00:00,-27272.73,-33000,,X,-13.636365,2021,decrement,Decrement
Gerència Municipal  (0104),18003434L08-003,Serveis,Districte d'Horta-Guinardó,"SERVEIS  L'ESPECTACLE RULOT, S.L.U.",B67068874,2019-01-31 00:00:00,408264.16,494000.0,2021-04-22 00:00:00,-41322.31,-50000,,X,-10.12146400506966,2021,decrement,Decrement
Gerència Municipal  (0104),18003434L09-003,Serveis,Districte Nou Barris,"SERVEIS DEL ESPECTACLE FOCUS, S.A.",A58116369,2019-01-31 00:00:00,578512.4,700000.0,2021-09-09 00:00:00,-17217.63,-20833.33,,X,-2.976190311564627,2021,decrement,Decrement
Gerència Municipal  (0104),18003434L10-003,Serveis,Districte Sant Andreu,"LA LLAUNA, S.C.C.L.",F58184201,2019-01-31 00:00:00,280991.74,340000.0,2021-04-22 00:00:00,-36363.64,-44000,X,,-12.941177559169533,2021,decrement,Decrement
Gerència Municipal  (0104),18003434L11-003,Serveis,Districte Sant Martí,"LA LLAUNA, S.C.C.L.",F58184201,2019-01-31 00:00:00,440689.26,533234.0,2021-09-09 00:00:00,-24793.39,-30000,,X,-5.626048159194984,2021,decrement,Decrement
Gerència Municipal  (0104),19001027L01-005,Serveis,Gerència Ecologia Urbana i Dte. Sants Montjuïc,DISTPUBLIC SERVICIOS PUBLICIDAD SL,B60988078,2019-10-08 00:00:00,53095.07,64245.04,2021-11-18 00:00:00,2801.65,3390,X,,5.276666929716827,2021,increment,Increment
Gerència Municipal  (0104),19001027L02-004,Serveis,Dte. Les Corts i Dte. de Gràcia,FUNDACIÓ PRIVADA JOIA JOVENTUD ORGA,G08901019,2019-10-08 00:00:00,50422.54,61011.28,2021-04-22 00:00:00,-7438.02,-9000,X,,-14.751379045958416,2021,decrement,Decrement
Gerència Municipal  (0104),19001027L03-006,Serveis,Direc. Ser. Publicitaris i Dte Sarrià,TALLER DE CULTURA S.L.,B62436738,2019-10-08 00:00:00,53602.48,64859.0,2021-03-18 00:00:00,7504.35,9080.26,X,,14.000005223638906,2021,increment,Increment
Gerència Municipal  (0104),19001027L05-004,Serveis,"Dte. Sant Martí, Ciutat Vella i Horta-Guinardó",FUNDACIÓ PRIVADA JOIA JOVENTUD ORGA,G08901019,2019-10-08 00:00:00,52116.16,63060.56,2021-04-22 00:00:00,-8264.46,-10000,X,,-15.85776849253667,2021,decrement,Decrement
Gerència Municipal  (0104),19001291L02-004,Subministraments,Infraestructures Districte Sants-Montjuïc,INICIATIVES EVENTS SL,B64709363,2019-07-29 00:00:00,286621.4,346811.9,2021-04-22 00:00:00,-24793.39,-30000,,X,-8.65022290729164,2021,decrement,Decrement
"Gerència de Drets Socials, Justícia Global, Feminismes i LGTBI (0200)",16002677,Serveis,Suport tècnic desenvolupament Acord ciutadà,"ESTRATEGIES QUALITAT URBANA, SL",B60838307,2017-01-05 00:00:00,308631.6,373444.236,,13170.89,15936.81,,x,0.042675118166772295,2021,increment,Increment
"Gerència de Drets Socials, Justícia Global, Feminismes i LGTBI (0200)",16002832,Serveis,Gestió del  CMAU-VM,FUNDACIO SALUT I COMUNITAT,G61878831,2017-01-01 00:00:00,1477633.5,1477633.5,2021-12-30 00:00:00,101860.05,101860.05,,x,0.06893458357569722,2021,increment,Increment
"Gerència de Drets Socials, Justícia Global, Feminismes i LGTBI (0200)",16004061,Serveis,Alliberament import Gestió del SOAPI 2017-2018,PROGESS PROJEC.GESTIO SERVEIS SOCIA,B59960526,2017-01-01 00:00:00,604136.22,731004.8261999999,2021-12-22 00:00:00,70601.44,85427.74,,x,0.11686344513493994,2021,increment,Increment
"Gerència de Drets Socials, Justícia Global, Feminismes i LGTBI (0200)",17002612,Serveis,"Servei de primera acollida, especialitzats SAIER",A.B.D. ASOC. BIENESTAR Y DESARROLLO,G59435180,2017-10-25 00:00:00,1582394.64,1582394.64,2021-10-28 00:00:00,471056.69,471056.69,,x,0.2976859742143717,2021,increment,Increment
"Gerència de Drets Socials, Justícia Global, Feminismes i LGTBI (0200)",17002612,Serveis,"Servei de primera acollida, especialitzats SAIER",A.B.D. ASOC. BIENESTAR Y DESARROLLO,G59435180,2017-10-25 00:00:00,1582394.64,1582394.64,2021-12-30 00:00:00,93949.76,93949.76,,x,0.059371889682336136,2021,increment,Increment
"Gerència de Drets Socials, Justícia Global, Feminismes i LGTBI (0200)",18003127,Serveis,La gestió i desenvolupament del projecte VinclesBc,TELEVIDA SERVICIOS SOCIOSANITARIOS,U67369173,2019-02-01 00:00:00,1721667.94,1932554.73,2021-09-09 00:00:00,454545.45,500000,x,,0.264014586924352,2021,increment,Increment
"Gerència de Drets Socials, Justícia Global, Feminismes i LGTBI (0200)",18003127,Serveis,La gestió i desenvolupament del projecte VinclesBc,TELEVIDA SERVICIOS SOCIOSANITARIOS,U67369173,2019-02-01 00:00:00,1721667.94,1932554.73,2021-12-07 00:00:00,41984.94,46183.4,,x,0.024386200744378153,2021,increment,Increment
"Gerència de Drets Socials, Justícia Global, Feminismes i LGTBI (0200)",19001858,Serveis,Servei vigilància i seguretat SAIER,IB2 SEGURETAT CATALUNYA SL,B17631698,2019-09-02 00:00:00,76729.86,92843.13,2021-09-09 00:00:00,19182.46,23210.78,x,,0.24999993483632055,2021,increment,Increment
"Gerència de Drets Socials, Justícia Global, Feminismes i LGTBI (0200)",19004045,Serveis,Servei d’atenció i assessorament de l'OND,ASSOCIACIO CATALANA DEFENSA DRETS H,G58845959,2020-02-04 00:00:00,125734.4,152138.62399999998,2021-11-10 00:00:00,7884.3,9540,x,,0.0627059897689097,2021,increment,Increment
"Gerència de Drets Socials, Justícia Global, Feminismes i LGTBI (0200)",20000226,Serveis,PREGÓ DELS INFANTS A LES FESTES DE SANTA EULÀLIA,AIRUN SERVEIS CULTURALS SL,B61519344,2020-12-04 00:00:00,98308.1,108138.91,2021-11-05 00:00:00,32769.36,36046.3,x,,0.3333332655193214,2021,increment,Increment
"Gerència de Drets Socials, Justícia Global, Feminismes i LGTBI (0200)",20000227,Serveis,Dia de la diversitat,AIRUN SERVEIS CULTURALS SL,B61519344,2020-11-11 00:00:00,111473.33,122620.66,2021-11-05 00:00:00,51091.94,56201.13,x,,0.4583333071686295,2021,increment,Increment
"Gerència de Drets Socials, Justícia Global, Feminismes i LGTBI (0200)",20000568,Serveis,Cobertura d'actes i equipaments de l'àrea,LOZANO BOSCH MARCOS,XXXXXX,2020-02-22 00:00:00,9900.0,11979.0,2021-12-17 00:00:00,7900.0,9559,,x,0.797979797979798,2021,increment,Increment
"Gerència de Drets Socials, Justícia Global, Feminismes i LGTBI (0200)",20000750,Serveis,Imatges de recurs per l’àrea,VIÑAS SANCHEZ VALENTIN,XXXXXX,2020-02-25 00:00:00,5000.0,6050.0,2021-12-22 00:00:00,4370.0,5287.7,,x,0.874,2021,increment,Increment
"Gerència de Drets Socials, Justícia Global, Feminismes i LGTBI (0200)",20003402,Serveis,Harmonització Protocol Antiassetjament districtes,FIL A L'AGULLA SCCL,F65184350,2020-10-31 00:00:00,6630.0,8022.3,2021-12-10 00:00:00,6630.0,8022.3,,x,1.0,2021,increment,Increment
"Gerència d'Area de l'Agenda 2030, Transició Digital i Esports  (0300)",18002708-003,Serveis,"Servei atenció telefònica, gestió i tram. 010","ATENTO TELESERVICIOS ESPAÑA,S.A.U.",A78751997,2019-02-19 00:00:00,9108540.78,11021334.34,2021-07-29 00:00:00,1411447.44,1707851.4,,X,15.495867824395908,2021,increment,Increment
"Gerència d'Area de l'Agenda 2030, Transició Digital i Esports  (0300)",20002936L03-002,Serveis,Serveis Veterinaris d'Urgència 24h,"ANIMALIA BCN, SL",B63549398,2021-02-11 00:00:00,11570.25,14000.0,2021-12-14 00:00:00,1943.02,2351.06,X,,16.793241286921198,2021,increment,Increment
"Gerència d'Area de l'Agenda 2030, Transició Digital i Esports  (0300)",20003973-002,Serveis,SERVEIS POSTALS LOT 1 DEP PROTECCIO DELS ANIMALS,RECERCA I DESENVOLUPAMENT EMPR,B60261815,2020-12-15 00:00:00,13343.79,16145.99,2021-10-05 00:00:00,-13343.79,-16145.99,,X,-100.0,2021,decrement,Decrement
"Gerència d'Area de l'Agenda 2030, Transició Digital i Esports  (0300)",20003995-001,Serveis,SERVEIS POSTALS LOT 2 DEP PROTECCIO DELS ANIMALS,RECERCA I DESENVOLUPAMENT EMPR,B60261815,2020-12-15 00:00:00,496.74,601.05,MODIFICACIÓ CONTRACTE ANUL·LADA,,,,,,2021,Importe no modificado,Importe no modificado
"Gerència d'Area de l'Agenda 2030, Transició Digital i Esports  (0300)",20003995-003,Serveis,SERVEIS POSTALS LOT 2 DEP PROTECCIO DELS ANIMALS,RECERCA I DESENVOLUPAMENT EMPR,B60261815,2020-12-15 00:00:00,496.74,601.05,2021-10-05 00:00:00,-496.74,-601.05,,X,-100.0,2021,decrement,Decrement
"Gerència d'Area de l'Agenda 2030, Transició Digital i Esports  (0300)",20004188-001,Serveis,Despeses viatges Relacions Internacionals,CENTRAL DE VIAJES SL,B08323404,2020-12-28 00:00:00,14462.81,17500.0,2021-06-29 00:00:00,-14462.81,-17500,,X,-100.0,2021,decrement,Decrement
"Gerència d'Area de l'Agenda 2030, Transició Digital i Esports  (0300)",21000402-001,Serveis,Traducció i revisió continguts port. transparència,LINGUASERVE INTERNACIONALIZ. SERV.,A82615972,2021-02-15 00:00:00,3305.78,3999.99,2021-10-11 00:00:00,-1818.17,-2199.99,,X,-54.99972774957801,2021,decrement,Decrement
"Gerència d'Area de l'Agenda 2030, Transició Digital i Esports  (0300)",21000485-001,Serveis,Dietes personal no directiu Comissionat Agenda2030,CENTRAL DE VIAJES SL,B08323404,2021-02-26 00:00:00,413.22,500.0,2021-07-23 00:00:00,-413.22,-500,,X,-100.0,2021,decrement,Decrement
"Gerència d'Area de l'Agenda 2030, Transició Digital i Esports  (0300)",21000487-001,Serveis,Locomoció personal no directiu Comiss. Agenda 2030,CENTRAL DE VIAJES SL,B08323404,2021-02-26 00:00:00,826.45,1000.0,2021-08-03 00:00:00,-671.45,-812.45,,X,-81.24508439712021,2021,decrement,Decrement
"Gerència d'Area de l'Agenda 2030, Transició Digital i Esports  (0300)",21000547-001,Serveis,Dietes personal directiu Comissionat Agenda 2030,CENTRAL DE VIAJES SL,B08323404,2021-02-26 00:00:00,826.45,1000.0,2021-07-23 00:00:00,-657.31,-795.34,,X,-79.53415209631555,2021,decrement,Decrement
"Gerència d'Area de l'Agenda 2030, Transició Digital i Esports  (0300)",21000551-001,Serveis,Locomoció personal directiu Comissionat Agenda2030,CENTRAL DE VIAJES SL,B08323404,2021-02-26 00:00:00,1239.67,1500.0,2021-07-23 00:00:00,-991.74,-1200,,X,-80.00032266651608,2021,decrement,Decrement
"Gerència d'Area de l'Agenda 2030, Transició Digital i Esports  (0300)",21000560-001,Serveis,Locomoció personal directiu Com. Innovació Digital,CENTRAL DE VIAJES SL,B08323404,2021-03-08 00:00:00,826.45,1000.0,2021-08-03 00:00:00,-424.71,-513.9,,X,-51.38967874644563,2021,decrement,Decrement
"Gerència d'Area de l'Agenda 2030, Transició Digital i Esports  (0300)",21000561-001,Serveis,Dietes personal no directiu Comissionat Innovació,CENTRAL DE VIAJES SL,B08323404,2021-03-08 00:00:00,413.22,500.0,2021-08-03 00:00:00,-366.82,-443.85,,X,-88.77111466047141,2021,decrement,Decrement
"Gerència d'Area de l'Agenda 2030, Transició Digital i Esports  (0300)",21000562-001,Serveis,Locomoció de personal no directiu Com. d'Innovació,CENTRAL DE VIAJES SL,B08323404,2021-03-08 00:00:00,826.45,1000.0,2021-08-03 00:00:00,-826.45,-1000,,X,-100.0,2021,decrement,Decrement
"Gerència d'Area de l'Agenda 2030, Transició Digital i Esports  (0300)",21000602-001,Serveis,Dietes personal directiu Comissionat Innovació D.,CENTRAL DE VIAJES SL,B08323404,2021-03-08 00:00:00,413.22,500.0,2021-07-30 00:00:00,-147.83,-178.87,,X,-35.775131891002374,2021,decrement,Decrement
"Gerència d'Area de l'Agenda 2030, Transició Digital i Esports  (0300)",21000950-001,Serveis,Servei d'ocultació dades personals en documents,SERIKAT CONSULTORIA E INFORMATICA S,A48476006,2021-03-15 00:00:00,6611.5,7999.92,2021-10-05 00:00:00,-5785.06,-6999.92,,X,-87.49996218709825,2021,decrement,Decrement
"Gerència d'Area de l'Agenda 2030, Transició Digital i Esports  (0300)",21000960-001,Serveis,"Dietes personal directiu Ger. Àrea Ag.2030, Trans",CENTRAL DE VIAJES SL,B08323404,2021-03-23 00:00:00,1652.89,2000.0,2021-09-26 00:00:00,-307.93,-372.59,,X,-18.629793876180507,2021,decrement,Decrement
"Gerència d'Area de l'Agenda 2030, Transició Digital i Esports  (0300)",21001138-001,Subministraments,SUBMINIS. I DISTRIBUCIO PINSO NICARBAZINA COLOMS,ZOOETHICS ETHICAL ANIMAL PROJECTS S,B66541988,2021-05-19 00:00:00,92475.76,104985.64,2021-08-23 00:00:00,18484.2,20332.62,X,,19.98815689646671,2021,increment,Increment
"Gerència d'Area de l'Agenda 2030, Transició Digital i Esports  (0300)",21002237-001,Serveis,Despeses de viatges Relacions Internacionals,CENTRAL DE VIAJES SL,B08323404,2021-07-08 00:00:00,29338.84,35500.0,2021-08-03 00:00:00,-29338.84,-35500,,X,-100.0,2021,decrement,Decrement
"Gerència d'Area de l'Agenda 2030, Transició Digital i Esports  (0300)",21004055-001,Serveis,Pla de Transició Digital Justa 2022-2026,"OPTIMPEOPLE,SL",B67585539,2021-11-16 00:00:00,12942.15,15660.0,MODIFICACIÓ CONTRACTE ANUL·LADA,,,,,,2021,Importe no modificado,Importe no modificado
Gerència de Seguretat i Prevenció  (0400),21000992-001,Obres,Obres adequació pl.baixa Pi i Sunyer com a OIT,IMESAPI SA,A28010478,2021-07-08 00:00:00,126619.99,153210.19,2021-10-05 00:00:00,12518.8,15147.75,X,,10.0,2021,increment,Increment
Districte de Ciutat Vella  (0601),20000105,Subministrament,"Lloguer de cabines sanitàries portàtils i urinaris de peu, inclosa la seva instal·lació, neteja, manteniment i retirada, per a festes, activitats i esdeveniments, així com per a la prevenció de conductes incíviques a la via pública del Districte de Ciutat Vella",TOI TOI SANITARIOS MOVILES SA,A62518121,2020-07-31 00:00:00,209832.7,253897.57,2021-11-29 00:00:00,24796.2,30003.4,,X,0.1182,2021,increment,Increment
Districte de l'Eixample  (0602),17006723,Serveis,Gestió casals gent gran Dte Eixample,Ass.Esportiva Eixample Barcelona,G08943813,2018-07-31 00:00:00,2262997.99,2489297.78,2021-11-25 00:00:00,-195454.55,-215000,X,,,2021,Importe no modificado,Importe no modificado
Districte de les Corts  (0604),19002818-003,SERVEIS,SUPORT TÈCNIC AUDIOVISUAL I SUBTITULACIÓ ACTES,INTEGRACIO SISTEMAS AUDIOVISUALS SL,B67093088,2021-04-20 00:00:00,24264.9,29360.54,2021-04-20 00:00:00,4852.98347107438,5872.11,x,,0.2,2021,increment,Increment
Districte de les Corts  (0604),19003464-003,SUBMINISTRAMENTS,ARRENDAMENT I MANTENIMENT IMPRESSORES DTE,SERVICIOS MICROINFORMATICA SA,A25027145,2019-10-31 00:00:00,34800.0,42108.0,2021-04-12 00:00:00,0.0,0,,x,0.0,2021,Importe no modificado,Importe no modificado
Districte de Sarrià-Sant Gervasi  (0605),20C00014,concessió de serveis,"gestió, explotació i organització del Centre Cívic Vil•la Florida al Districte de Sarrià - Sant Gervasi","QSL Serveis Culturals, SLU",B60641925,2021-03-26 00:00:00,566272.0,566272.0,2021-12-29 00:00:00,0.0,0,,x,,2021,Importe no modificado,Importe no modificado
Districte de Sarrià-Sant Gervasi  (0605),18005015-003,serveis,"gestió, dinamització i coordinació del Centre Cívic Vallvidrera-Vázquez Montalban, Centre Cívic l’Elèctric i Casal de Barri Can Rectoret","Calaix de Cultura, SL",B63033740,2019-06-25 00:00:00,1463571.06,1770920.99,2021-11-08 00:00:00,0.0,0,,x,,2021,Importe no modificado,Importe no modificado
Districte de Gràcia  (0606),20004120-001,SERVEIS,Control d'accessos esdeveiments i activitats,PREVENTIVA SERVICIOS Y CONTROL,B62704531,15/04/2021,99254.0,120097.34,11/08/2021,18180.0,21997.8,,X,0.1832,2021,increment,Increment
Districte d'Horta-Guinardó  (0607),19001001-006,Serveis,Gent gran vulnerable del Districte d'Horta-Guinardó,ASOC. ESPORT-3,G08880577,13.05.2019,17499.99,21174.99,30.04.2021,5218.73,5218.73,,X,,2021,Importe no modificado,Importe no modificado
Districte d'Horta-Guinardó  (0607),17001698,Serveis,Pistes poliesportives de Montbau i Can Baró,"LLOP GESTIO ESPORTIVA, SL",B62538228,15.02.2018,129200.0,156332.0,25.06.2021,4232.12,4232.12,,X,,2021,Importe no modificado,Importe no modificado
Districte de Nou Barris  (0608),17002343-003,Serveis,DINAMITZACIÓ SOCIOEDUC. USUARIS PISTES A.GILABERT,PROGESS PROJEC.GESTIO SERVEIS SOCIA,B59960526,15.11.2017,136138.22,149752.04,12.02.2021,7126.7,7.839.37,,x,0.0575,2021,increment,Increment
Districte de Nou Barris  (0608),17002343-004,Serveis,DINAMITZACIÓ SOCIOEDUC. USUARIS PISTES A.GILABERT,PROGESS PROJEC.GESTIO SERVEIS SOCIA,B59960526,15.11.2017,136138.22,149752.04,16.02.2021,3837.45,4221.2,,x,0.0282,2021,increment,Increment
Districte de Nou Barris  (0608),19004368-005,Serveis,SUPORT CONTRACTACIO COL.LECTIUS RISC EXCLUSIO SOC.,APRISE-CATALUNYA EMPRESA D'INSERCIO,B64241946,06.02.2020,110110.0,10010.0,5.07.2021,15566.71,14151.55,,x,,2021,Importe no modificado,Importe no modificado
Districte de Nou Barris  (0608),21000135-001,Subministraments,RECANVIS TIQUETS MAQUINA TORNS SSTT NOU BARRIS,Q-MATIC AB,N0304389J,19.01.2021,289.0,289.0,1.03.2021,60.69,60.69,,x,,2021,Importe no modificado,Importe no modificado
Districte de Nou Barris  (0608),21002058-001,Serveis,Servei casal estiu Victor Català amb mesures de co,"DIVERSPORT SPORT MANAGEMENT, S.L.",B17711474,30.07.2021,42035.61,382014.19,30.07.2021,0.0,0,,x,,2021,Importe no modificado,Importe no modificado
"Gerència d'Economia, Recursos i Promoció Econòmica  (0700)",18002603-002,Serveis,Comerç i escoles,LAVOLA 1981 SAU,A58635269,2019-01-23 00:00:00,114000.0,137940.0,2021-01-22 00:00:00,0.0,0,,X,,2021,Importe no modificado,Importe no modificado
"Gerència d'Economia, Recursos i Promoció Econòmica  (0700)",20002302-001,Serveis,"concepte, disseny i aplicació imatge gràfica BCW","JULIAN, PIKER Y FRMIN, S.L.",B67356089,2020-12-15 00:00:00,32000.0,38720.0,MODIFICACIÓ CONTRACTE ANUL·LADA,,,,,,2021,Importe no modificado,Importe no modificado
"Gerència d'Economia, Recursos i Promoció Econòmica  (0700)",21000357L01-001,Serveis,"Enllumenat nadalenc Pl. Catalunya, C/ Aragó, Gran Via de les Corts Cat","ILUMINACIONES XIMENEZ, S.A.",A14041362,2021-08-06 00:00:00,1171500.0,1417515.0,2021-12-02 00:00:00,18180.0,21997.8,,X,1.5518565941101152,2021,increment,Increment
"Gerència d'Economia, Recursos i Promoció Econòmica  (0700)",21000357L03-001,Serveis,Enllumenat nadalenc Balmes,"ILUMINACIONES XIMENEZ, S.A.",A14041362,2021-08-06 00:00:00,47107.44,57000.0,2021-11-25 00:00:00,19200.0,23232,,X,40.757893020720296,2021,increment,Increment
"Gerència d'Economia, Recursos i Promoció Econòmica  (0700)",21000357L09-001,Serveis,Enllumenat nadalenc Ciutat Vella,"ILUMINACIONES XIMENEZ, S.A.",A14041362,2021-08-06 00:00:00,68685.0,83108.85,MODIFICACIÓ CONTRACTE ANUL·LADA,,,,,,2021,Importe no modificado,Importe no modificado
"Gerència d'Economia, Recursos i Promoció Econòmica  (0700)",21001591L01-001,Serveis,Serveis per a la gestió de la VII Fira CRiESS,AIRUN SERVEIS CULTURALS SL,B61519344,2021-11-19 00:00:00,35500.0,42955.0,2021-12-16 00:00:00,3656.0,4423.76,X,,10.298591549295773,2021,increment,Increment
"Gerència d'Economia, Recursos i Promoció Econòmica  (0700)",21001924-001,Serveis,Despeses viatges Promoció de Ciutat,CENTRAL DE VIAJES SL,B08323404,2021-06-16 00:00:00,12396.7,15000.01,2021-09-27 00:00:00,-12396.7,-15000.01,,X,-100.0,2021,decrement,Decrement
Gerència de Pressupostos i Hisenda  (0701),20000566L01-002,Serveis,Segones fases de projectes realitzats al 2019,INDRA SOLUCIONES TECNOLOGIAS DE LA,B88018098,2020-10-24 00:00:00,157420.0,190478.2,2021-07-22 00:00:00,28984.0,35070.64,,X,18.41189175454199,2021,increment,Increment
Gerència de Pressupostos i Hisenda  (0701),20002415L03-002,Privat d'Administració Pública,Pòlisses d'Accidents,MARKEL INSURANCE SE SUCUR.EN ESPAÑA,W2764898I,2020-12-31 00:00:00,444076.44,444076.44,2021-05-20 00:00:00,19048.78,19048.78,,X,4.289527271476055,2021,increment,Increment
Gerència de Recursos  (0705),17002464-004,Serveis,Manteniment ascensors districtes i gerències,"ASCENSORES ERSCE, S.A.",A08277907,2017-11-20 00:00:00,739291.22,894542.38,2021-09-09 00:00:00,21538.24,26061.27,,X,2.9133634239562594,2021,increment,Increment
Gerència de Recursos  (0705),17002651-004,Serveis,"Servei de la impressió, escaneig i còpia a la GR",RICOH ESPAÑA SLU,B82080177,2018-01-31 00:00:00,1718745.12,2079681.6,2021-05-14 00:00:00,-242975.21,-294000,X,,-14.136779629081941,2021,decrement,Decrement
Gerència de Recursos  (0705),17004824-006,Serveis,"MANTENIMENT SIST.SEGURETAT, INCENDIS LOT 1",SABICO SEGURIDAD SA,A20202487,2018-06-18 00:00:00,404804.94,489813.98,2021-10-28 00:00:00,50600.48,61226.58,X,,12.499966033023215,2021,increment,Increment
Gerència de Recursos  (0705),17005134-006,Serveis,manteniment integral edifici carrer Calàbria,UTE CALABRIA GESTIO INTEGRAL,U67150912,2018-03-22 00:00:00,806159.65,975453.18,2021-04-08 00:00:00,88880.42,107545.31,X,,11.025163564065753,2021,increment,Increment
Gerència de Recursos  (0705),18002353L01-005,Serveis,Expedient Electrònic de Contractació,GUADALTEL S.A.,A41414145,2018-11-27 00:00:00,1569650.0,1899276.5,2021-11-17 00:00:00,615210.74,744405.6,,X,39.19413499824802,2021,increment,Increment
Gerència de Recursos  (0705),18002724-002,Serveis,Desenvolupament pla accessibilitat web i contingut,"TOTHOMWEB, S.L.",B55183933,2019-01-07 00:00:00,495205.71,599198.91,2021-05-13 00:00:00,42137.61,50986.51,X,,8.50911230405643,2021,increment,Increment
Gerència de Recursos  (0705),18003447L01-003,Serveis,Manteniment Via Pública Dte CIUTAT VELLA 2019-2021,"CONSTRUCCIONES Y SERVICIOS FAUS, S.",A58869892,2019-03-12 00:00:00,1838696.91,2224823.25,2021-05-06 00:00:00,0.0,0,,X,0.0,2021,Importe no modificado,Importe no modificado
Gerència de Recursos  (0705),18003447L01-004,Serveis,Manteniment Via Pública Dte CIUTAT VELLA 2019-2021,"CONSTRUCCIONES Y SERVICIOS FAUS, S.",A58869892,2019-03-12 00:00:00,1838696.91,2224823.25,2021-07-14 00:00:00,123966.94,150000,X,,6.742108464194896,2021,increment,Increment
Gerència de Recursos  (0705),18003447L02-002,Serveis,Manteniment Via Pública Dte EIXAMPLE 2019-2021,CONSTRAULA ENGINYERIA I OBRES SAU,A58142639,2019-03-13 00:00:00,1483468.92,1794997.38,2021-05-06 00:00:00,0.0,0,,X,0.0,2021,Importe no modificado,Importe no modificado
Gerència de Recursos  (0705),18003447L02-003,Serveis,Manteniment Via Pública Dte EIXAMPLE 2019-2021,CONSTRAULA ENGINYERIA I OBRES SAU,A58142639,2019-03-13 00:00:00,1483468.92,1794997.38,2021-07-14 00:00:00,113773.96,137666.49,X,,7.66945356698137,2021,increment,Increment
Gerència de Recursos  (0705),18003447L03-002,Serveis,Manteniment Via Pública SANTS-MONTJUÏC 2019-2021,UTE SANTS MANTENIMENT VIA PUBLICA,U67372151,2019-03-13 00:00:00,2568984.03,3108470.67,2021-05-06 00:00:00,0.0,0,,X,0.0,2021,Importe no modificado,Importe no modificado
Gerència de Recursos  (0705),18003447L03-003,Serveis,Manteniment Via Pública SANTS-MONTJUÏC 2019-2021,UTE SANTS MANTENIMENT VIA PUBLICA,U67372151,2019-03-13 00:00:00,2568984.03,3108470.67,2021-07-14 00:00:00,204323.14,247231,X,,7.953460886247705,2021,increment,Increment
Gerència de Recursos  (0705),18003447L04-003,Serveis,Manteniment Via Pública LES CORTS 2019-2021,"M. I J. GRUAS, S.A.",A25031576,2019-03-13 00:00:00,979546.35,1185251.07,2021-05-06 00:00:00,0.0,0,,X,0.0,2021,Importe no modificado,Importe no modificado
Gerència de Recursos  (0705),18003447L04-004,Serveis,Manteniment Via Pública LES CORTS 2019-2021,"M. I J. GRUAS, S.A.",A25031576,2019-03-13 00:00:00,979546.35,1185251.07,2021-07-14 00:00:00,65289.26,79000,X,,6.665254788606992,2021,increment,Increment
Gerència de Recursos  (0705),18003447L05-002,Serveis,Mant. Via Pública SARRIÀ-SANT GERVASI 2019-2021,UTE SARRIA MANT VIA PUBLI,U67372185,2019-03-13 00:00:00,2277292.74,2755524.21,2021-05-06 00:00:00,0.0,0,,X,0.0,2021,Importe no modificado,Importe no modificado
Gerència de Recursos  (0705),18003447L05-003,Serveis,Mant. Via Pública SARRIÀ-SANT GERVASI 2019-2021,UTE SARRIA MANT VIA PUBLI,U67372185,2019-03-13 00:00:00,2277292.74,2755524.21,2021-07-14 00:00:00,67355.37,81500,X,,2.957694846030203,2021,increment,Increment
Gerència de Recursos  (0705),18003447L06-002,Serveis,Manteniment Via Pública GRÀCIA 2019-2021,CONSTRAULA ENGINYERIA I OBRES SAU,A58142639,2019-03-13 00:00:00,1485164.82,1797049.41,2021-05-06 00:00:00,0.0,0,,X,0.0,2021,Importe no modificado,Importe no modificado
Gerència de Recursos  (0705),18003447L06-003,Serveis,Manteniment Via Pública GRÀCIA 2019-2021,CONSTRAULA ENGINYERIA I OBRES SAU,A58142639,2019-03-13 00:00:00,1485164.82,1797049.41,2021-07-14 00:00:00,59406.59,71881.97,X,,3.999999811468736,2021,increment,Increment
Gerència de Recursos  (0705),18003447L07-002,Serveis,Manteniment Via Pública HORTA-GUINARDÓ 2019-2021,SERV. INTEGRALS MANTENIMENT RUBATEC,A60744216,2019-03-13 00:00:00,2114172.9,2558149.2,2021-05-06 00:00:00,0.0,0,,X,0.0,2021,Importe no modificado,Importe no modificado
Gerència de Recursos  (0705),18003447L07-003,Serveis,Manteniment Via Pública HORTA-GUINARDÓ 2019-2021,SERV. INTEGRALS MANTENIMENT RUBATEC,A60744216,2019-03-13 00:00:00,2114172.9,2558149.2,2021-07-14 00:00:00,28925.62,35000,X,,1.3681766519663554,2021,increment,Increment
Gerència de Recursos  (0705),18003447L08-002,Serveis,Manteniment Via Pública NOU BARRIS 2019-2021,CONSTRAULA ENGINYERIA I OBRES SAU,A58142639,2019-03-13 00:00:00,2263035.12,2738272.47,2021-05-06 00:00:00,0.0,0,,X,0.0,2021,Importe no modificado,Importe no modificado
Gerència de Recursos  (0705),18003447L08-003,Serveis,Manteniment Via Pública NOU BARRIS 2019-2021,CONSTRAULA ENGINYERIA I OBRES SAU,A58142639,2019-03-13 00:00:00,2263035.12,2738272.47,2021-07-14 00:00:00,175662.4,212551.5,X,,7.762248073286639,2021,increment,Increment
Gerència de Recursos  (0705),18003447L09-002,Serveis,Manteniment Via Pública SANT ANDREU 2019-2021,CONSTRAULA ENGINYERIA I OBRES SAU,A58142639,2019-03-13 00:00:00,1815349.44,2196572.82,2021-05-06 00:00:00,0.0,0,,X,0.0,2021,Importe no modificado,Importe no modificado
Gerència de Recursos  (0705),18003447L09-003,Serveis,Manteniment Via Pública SANT ANDREU 2019-2021,CONSTRAULA ENGINYERIA I OBRES SAU,A58142639,2019-03-13 00:00:00,1815349.44,2196572.82,2021-07-14 00:00:00,147469.58,178438.19,X,,8.123481724818776,2021,increment,Increment
Gerència de Recursos  (0705),18003447L10-002,Serveis,Manteniment Via Pública SANT MARTÍ 2019-2021,CONSTRAULA ENGINYERIA I OBRES SAU,A58142639,2019-03-13 00:00:00,2683316.34,3246812.76,2021-05-06 00:00:00,0.0,0,,X,0.0,2021,Importe no modificado,Importe no modificado
Gerència de Recursos  (0705),18003447L10-003,Serveis,Manteniment Via Pública SANT MARTÍ 2019-2021,CONSTRAULA ENGINYERIA I OBRES SAU,A58142639,2019-03-13 00:00:00,2683316.34,3246812.76,2021-07-14 00:00:00,173377.28,209786.51,X,,6.461306012096957,2021,increment,Increment
Gerència de Recursos  (0705),18003600-002,Serveis,Missatgeria Centralitzada Ajuntament de Barcelona,"ARA VINC, S.L.",B59460618,2019-01-03 00:00:00,513369.2,621176.73,2021-03-18 00:00:00,1564.9,1893.53,X,,0.30482935088431484,2021,increment,Increment
Gerència de Recursos  (0705),18003600-003,Serveis,Missatgeria Centralitzada Ajuntament de Barcelona,"ARA VINC, S.L.",B59460618,2019-01-03 00:00:00,513369.2,621176.73,2021-11-08 00:00:00,-6115.7,-7400,,X,-1.1912868945000985,2021,decrement,Decrement
Gerència de Recursos  (0705),18003968L01-004,Serveis,"Neteja ed. Lot 1 Gerència Recursos, Ciutat Vella","SERVICIOS OPERATIVOS INTERNOS, S.A.",A43057124,2019-06-03 00:00:00,10925877.55,13220311.83,2021-02-25 00:00:00,491583.04,594815.48,,X,4.499254524411176,2021,increment,Increment
Gerència de Recursos  (0705),18003968L01-005,Serveis,"Neteja ed. Lot 1 Gerència Recursos, Ciutat Vella","SERVICIOS OPERATIVOS INTERNOS, S.A.",A43057124,2019-06-03 00:00:00,10925877.55,13220311.83,2021-05-10 00:00:00,-142756.6,-172735.49,,X,-1.3065916156089448,2021,decrement,Decrement
Gerència de Recursos  (0705),18003968L01-006,Serveis,"Neteja ed. Lot 1 Gerència Recursos, Ciutat Vella","SERVICIOS OPERATIVOS INTERNOS, S.A.",A43057124,2019-06-03 00:00:00,10925877.55,13220311.83,2021-12-02 00:00:00,57603.31,69700,,X,0.5272190699226718,2021,increment,Increment
Gerència de Recursos  (0705),18003968L02-003,Serveis,Neteja ed. Lot 2 Dte de l'Eixample,MULTIANAU S.L.,B50819507,2019-06-03 00:00:00,3942782.9,4770767.31,2021-12-02 00:00:00,138904.19,168074.07,,X,3.522998692116677,2021,increment,Increment
Gerència de Recursos  (0705),18003968L03-002,Serveis,Neteja ed. Lot 3 Dte de Sants-Montjuïc,"MULTISERVEIS NDAVANT, SL",B60579240,2019-06-03 00:00:00,3829791.25,4634047.41,2021-12-02 00:00:00,10743.8,13000,,X,0.2805322613863092,2021,increment,Increment
Gerència de Recursos  (0705),18003968L04-002,Serveis,"Neteja ed. Lot 4 Gerència Drets Socials, Les Corts","MULTISERVEIS NDAVANT, SL",B60579240,2019-06-03 00:00:00,5508961.8,6665843.79,2021-12-02 00:00:00,521900.83,631500,,X,9.473669430780951,2021,increment,Increment
Gerència de Recursos  (0705),18003968L05-002,Serveis,"Neteja ed. Lot 5 Ger Seg i Prev, Sarrià-St Gervasi","OPTIMA FACILITY SERVICES, SL",B60124831,2019-06-03 00:00:00,7269708.59,8796347.41,2021-12-02 00:00:00,123326.45,149225,,X,1.696442828116168,2021,increment,Increment
Gerència de Recursos  (0705),18003968L06-002,Serveis,"Neteja ed. Lot 6 Ger. Ecol. Urbana, Gràcia","MULTISERVEIS NDAVANT, SL",B60579240,2019-06-03 00:00:00,4387127.38,5308424.14,2021-12-02 00:00:00,86473.45,104632.87,,X,1.9710722418094,2021,increment,Increment
Gerència de Recursos  (0705),18003968L07-002,Serveis,Neteja ed. Lot 7 Dte d'Horta-Guinardó,"OPTIMA FACILITY SERVICES, SL",B60124831,2019-06-03 00:00:00,3485850.12,4217878.65,2021-12-02 00:00:00,50543.53,61157.67,,X,1.4499627998922684,2021,increment,Increment
Gerència de Recursos  (0705),18003968L08-002,Serveis,Neteja ed. Lot 8 Dte de Nou Barris,"BROCOLI, SL",B29778651,2019-06-05 00:00:00,4652892.03,3845365.31,2021-12-02 00:00:00,16528.93,20000,,X,0.3552399216106461,2021,increment,Increment
Gerència de Recursos  (0705),18003968L09-002,Serveis,Neteja ed. Lot 9 Dte de Sant Andreu,"OPTIMA FACILITY SERVICES, SL",B60124831,2019-06-03 00:00:00,4029014.49,4875107.54,2021-12-02 00:00:00,100938.67,122135.79,,X,2.5052942909619564,2021,increment,Increment
Gerència de Recursos  (0705),19000876-001,Serveis,SERVEIS PROCURADORIA,SANZ LOPEZ JESUS,XXXXXX,2019-06-12 00:00:00,198347.04,239999.92,2021-03-16 00:00:00,15866.0,19197.86,X,,7.999111053031091,2021,increment,Increment
Gerència de Recursos  (0705),19001424L01-002,Serveis,"CIVIL, MERCANTIL, CONCURSAL","JANE ADVOCATS, SLP",B63143622,2019-08-24 00:00:00,40000.0,48400.0,2021-03-18 00:00:00,8000.0,9680,X,,20.0,2021,increment,Increment
Gerència de Recursos  (0705),19001424L02-002,Serveis,SOCIAL,"BUFET VALLBE, SLP",B61603007,2019-08-24 00:00:00,66349.4,80282.78,2021-06-17 00:00:00,13269.9,16056.58,,X,20.000030143452694,2021,increment,Increment
Gerència de Recursos  (0705),19001424L04-002,Serveis,CONTENCIÓS ADMINISTRATIU I D’ALTRES ÒRGANS ADMINIS,BARCELONA ESPAI LEGAL ADVOCATS S.L.,B64951668,2019-08-24 00:00:00,100000.0,121000.0,2021-06-10 00:00:00,20000.0,24200,X,,20.0,2021,increment,Increment
Gerència de Recursos  (0705),19001424L04-004,Serveis,CONTENCIÓS ADMINISTRATIU I D’ALTRES ÒRGANS ADMINIS,BARCELONA ESPAI LEGAL ADVOCATS S.L.,B64951668,2019-08-24 00:00:00,100000.0,121000.0,2021-11-25 00:00:00,50000.0,60500,,X,50.0,2021,increment,Increment
Gerència de Recursos  (0705),19002998-001,Subministraments,Elements Publicitaris,PUBLISERVEI SL,B59127431,2019-12-28 00:00:00,425280.99,514590.0,2021-04-29 00:00:00,66115.7,80000,,,15.546356774611533,2021,increment,Increment
Gerència de Recursos  (0705),19002998-002,Subministraments,Elements Publicitaris,PUBLISERVEI SL,B59127431,2019-12-28 00:00:00,425280.99,514590.0,MODIFICACIÓ CONTRACTE ANUL·LADA,,,,,,2021,Importe no modificado,Importe no modificado
Gerència de Recursos  (0705),19003455-002,Serveis,Servei de consergeria edificis  Gerència Recursos,CAN CET CENTRE D'INSERCIÓ SOC.LAB.,B60759644,2020-07-17 00:00:00,663377.0,802686.17,2021-12-03 00:00:00,-90909.09,-110000,,X,-13.703985818019015,2021,decrement,Decrement
Gerència de Recursos  (0705),19005209-003,Serveis,Assistència tècnica i suport telecos,SAYOS & CARRERA SL,B60900214,2020-10-27 00:00:00,80000.0,96800.0,MODIFICACIÓ CONTRACTE ANUL·LADA,,,,,,2021,Importe no modificado,Importe no modificado
Gerència de Recursos  (0705),20000090L01-002,Serveis,Esdeveniments de l'Ajuntament,"EURO-TOMB BARCELONA, SL",B60976495,2020-12-10 00:00:00,280600.0,339526.0,2021-04-22 00:00:00,0.0,0,,,0.0,2021,Importe no modificado,Importe no modificado
Gerència de Recursos  (0705),20000184-002,Serveis,Consultoria projecte e-Arxiu i seguiment IPAC,"GABINETE UMBUS, SL",B85374023,2020-07-29 00:00:00,62500.0,75625.0,2021-02-08 00:00:00,2847.4,3445.35,X,,4.55584,2021,increment,Increment
Gerència de Recursos  (0705),20000204-002,Obres,"Obres Casa Gran planta 3, fase 3",EUROCATALANA OBRES I SERVEIS SL.,B62554035,2020-11-12 00:00:00,593561.98,718210.0,2021-07-22 00:00:00,0.0,0,,X,0.0,2021,Importe no modificado,Importe no modificado
Gerència de Recursos  (0705),20000204-003,Obres,"Obres Casa Gran planta 3, fase 3",EUROCATALANA OBRES I SERVEIS SL.,B62554035,2020-11-12 00:00:00,593561.98,718210.0,2021-09-30 00:00:00,0.0,0,,X,0.0,2021,Importe no modificado,Importe no modificado
Gerència de Recursos  (0705),20000204-004,Obres,"Obres Casa Gran planta 3, fase 3",EUROCATALANA OBRES I SERVEIS SL.,B62554035,2020-11-12 00:00:00,593561.98,718210.0,2021-11-04 00:00:00,21554.22,26080.61,X,,3.631334338496546,2021,increment,Increment
Gerència de Recursos  (0705),20000298L01-002,Subministraments,"Medalles d'Or Ciutat i al Mèrit Cultural, Esportiu","PEDRO FACI, SA",A50010685,2020-10-26 00:00:00,41112.0,49745.52,2021-04-01 00:00:00,0.0,0,,X,0.0,2021,Importe no modificado,Importe no modificado
Gerència de Recursos  (0705),20000839-001,Subministraments,Arrendament vehicles Gerència de Recursos,ALD AUTOMOTIVE SA,A80292667,2021-11-19 00:00:00,556585.92,673468.96,2022-01-27 00:00:00,0.0,0,,X,0.0,2021,Importe no modificado,Importe no modificado
Gerència de Recursos  (0705),20002256-002,Serveis,Servei neteja i recollida ed Sant Martí 2021-2023,"MULTISERVEIS NDAVANT, SL",B60579240,2021-03-17 00:00:00,3254670.07,3938150.79,MODIFICACIÓ CONTRACTE ANUL·LADA,,,,,,2021,Importe no modificado,Importe no modificado
Gerència de Recursos  (0705),20002256-004,Serveis,Servei neteja i recollida ed Sant Martí 2021-2023,"MULTISERVEIS NDAVANT, SL",B60579240,2021-03-17 00:00:00,3254670.07,3938150.79,2021-12-09 00:00:00,95041.32,115000,,X,2.9201522106970432,2021,increment,Increment
Gerència de Recursos  (0705),20002568-002,Serveis,"IMPRESSIÓ, ENQUADERNACIÓ I LLIURAMENT DE LLIBRES",VANGUARD GRÀFIC. S.A.,A58873050,2021-03-15 00:00:00,44185.55,45952.97,2021-03-30 00:00:00,0.0,0,,X,0.0,2021,Importe no modificado,Importe no modificado
Gerència de Recursos  (0705),20002647-001,Serveis,Notificacions Padró d'Habitants Lot 1,RECERCA I DESENVOLUPAMENT EMPR,B60261815,2020-09-02 00:00:00,302860.0,366460.6,2021-08-17 00:00:00,-995.5,-1204.56,,X,-0.3286997292478373,2021,decrement,Decrement
Gerència de Recursos  (0705),20002648-001,Serveis,Serveis Postals Padró d'Habitants Lot 2,RECERCA I DESENVOLUPAMENT EMPR,B60261815,2020-09-02 00:00:00,34398.0,41621.58,2021-08-17 00:00:00,-4313.8,-5219.7,,X,-12.540845397988257,2021,decrement,Decrement
Gerència de Recursos  (0705),20002770-001,Serveis,"Servei de logística integral de magatzem, mudances","ARA VINC, S.L.",B59460618,2021-01-25 00:00:00,1193599.8,1444255.77,MODIFICACIÓ CONTRACTE ANUL·LADA,,,,,,2021,Importe no modificado,Importe no modificado
Gerència de Recursos  (0705),20002792-003,Serveis,MESURES DE REACTIVACIO ECONOMICA,WAVEMAKER PUBLICIDAD SPAIN SL,B81173171,2020-10-14 00:00:00,404779.65,489783.38,2021-11-03 00:00:00,0.0,0,X,,0.0,2021,Importe no modificado,Importe no modificado
Gerència de Recursos  (0705),20002837-001,Serveis,Suport tècnic i logístic per actes ciutadans,INICIATIVES EVENTS SL,B64709363,2021-01-25 00:00:00,942148.77,1140000.0,2021-11-11 00:00:00,190082.64,230000,,X,20.175437898199455,2021,increment,Increment
Gerència de Recursos  (0705),20004040-001,Serveis,Viatges càrrecs electes gener-juny 2021,CENTRAL DE VIAJES SL,B08323404,2020-12-29 00:00:00,45454.55,55000.0,2021-05-31 00:00:00,-19873.15,-24046.51,,X,-43.720925627907434,2021,decrement,Decrement
Gerència de Recursos  (0705),20004241-003,Serveis,Contractació basada AM Teleco 16002540 LOT 2,VODAFONE ESPAÑA SAU,A80907397,2020-12-30 00:00:00,492358.68,595754.0,2021-09-28 00:00:00,-47934.0,-58000,,X,-9.735585447584675,2021,decrement,Decrement
Gerència de Recursos  (0705),20004242-001,Serveis,Contractació basada AM Teleco 16002540 LOT 3,VODAFONE ESPAÑA SAU,A80907397,2020-12-30 00:00:00,1069529.75,1294131.0,2021-04-08 00:00:00,-63636.64,-770000,,X,-5.949964458679153,2021,decrement,Decrement
Gerència de Recursos  (0705),20004242-003,Serveis,Contractació basada AM Teleco 16002540 LOT 3,VODAFONE ESPAÑA SAU,A80907397,2020-12-30 00:00:00,1069529.75,1294131.0,2021-09-28 00:00:00,-574380.17,-695000,,X,-53.70399187119387,2021,decrement,Decrement
Gerència de Recursos  (0705),21000760L01-001,Subministraments,Medalles d’Or de la Ciutat i Medalles d’Or al Mèri,"PEDRO FACI, SA",A50010685,2021-06-21 00:00:00,34300.0,41503.0,2021-07-28 00:00:00,0.0,0,,X,0.0,2021,Importe no modificado,Importe no modificado
Gerència de Recursos  (0705),21000760L02-001,Subministraments,Medalles d’Honor i Títol d’Amic de Barcelona,"PEDRO FACI, SA",A50010685,2021-06-21 00:00:00,17475.0,21144.75,2021-07-28 00:00:00,0.0,0,,X,0.0,2021,Importe no modificado,Importe no modificado
Gerència de Recursos  (0705),21001003-001,Subministraments,Contracte Centralitzat de Carburants,"SOLRED, S.A.",A79707345,2021-10-14 00:00:00,1261518.6,1526437.5,2021-12-09 00:00:00,12396.69,15000,X,,0.9826799224363398,2021,increment,Increment
Gerència de Recursos  (0705),21001694-002,Serveis,Suport administratiu gestió convocatòria subvencio,"MIRALLES & SERRA ASSESSORS, S.",B63584247,2021-09-01 00:00:00,60276.0,72933.96,2021-12-16 00:00:00,6027.6,9377.36,,X,10.0,2021,increment,Increment
Gerència de Recursos  (0705),21002285-001,Serveis,Viatges càrrecs electes des del 20 de juny 2021,CENTRAL DE VIAJES SL,B08323404,2021-07-07 00:00:00,19834.71,24000.0,2021-08-17 00:00:00,-19834.71,-24000,,X,-100.0,2021,decrement,Decrement
Gerència de Persones i Desenvolupament Organitzatiu  (0707),20000475-001,Serveis,Servei de manteniment i control horari,"PRIMION DIGITEK, S.L.U.",B63965933,2020-12-11 00:00:00,61460.55,74367.27,MODIFICACIÓ CONTRACTE ANUL·LADA,,,,,,2021,Importe no modificado,Importe no modificado
" Gerència d'Àrea de Cultura, Educació, Ciència i Comunitat  (0800)",19000238,Serveis,Suport i Assessorament Consell de Ciutat,E1DOS DINAMITZACIÓ SOCIAL SL,B63947238,2019-09-02 00:00:00,86170.16,104265.89,2021-09-08 00:00:00,17234.02,20853.17,x,,0.2,2021,increment,Increment
" Gerència d'Àrea de Cultura, Educació, Ciència i Comunitat  (0800)",19004716,Serveis,PAM 15_Suport i coordinació,FUNDACIO FRANCESC FERRER I GUA,G58506981,2019-12-20 00:00:00,19723.67,23865.64,2021-04-26 00:00:00,3945.1,4773.57,x,,0.2,2021,increment,Increment
" Gerència d'Àrea de Cultura, Educació, Ciència i Comunitat  (0800)",20000965L01,Serveis,Adaptacions i maquetacions àrea CECiC (Lot 1 - Acció comunitària),"UAN-TU-TRI, S.L.",B61505566,2020-09-15 00:00:00,19633.33,23756.33,2021-12-24 00:00:00,-8404.13,-10169,x,,,2021,Importe no modificado,Importe no modificado
" Gerència d'Àrea de Cultura, Educació, Ciència i Comunitat  (0800)",20000965L02,Serveis,Adaptacions i maquetacions àrea CECiC (Lot 2 - Innovació democràtica i Democràcia activa),"UAN-TU-TRI, S.L.",B61505566,2020-09-15 00:00:00,15358.33,18583.58,2021-12-24 00:00:00,-9715.45,-11755.69,x,,,2021,Importe no modificado,Importe no modificado
" Gerència d'Àrea de Cultura, Educació, Ciència i Comunitat  (0800)",20000965L03,Serveis,Adaptacions i maquetacions àrea CECiC (Lot 3 -Interculturalitat i pluralisme religiós),PRODUCCIONES  MIC   S.L,B24301871,2020-09-15 00:00:00,32933.34,39849.34,2021-12-14 00:00:00,-18014.38,-21797.4,x,,,2021,Importe no modificado,Importe no modificado
" Gerència d'Àrea de Cultura, Educació, Ciència i Comunitat  (0800)",20000965L04,Serveis,Adaptacions i maquetacions àrea CECiC (Lot 4 -Ciència i Comunicació),PRODUCCIONES  MIC   S.L,B24301871,2020-09-15 00:00:00,61000.0,73810.0,2021-12-14 00:00:00,-48429.75,-58600,x,,,2021,Importe no modificado,Importe no modificado
" Gerència d'Àrea de Cultura, Educació, Ciència i Comunitat  (0800)",20001291L01,Serveis,"Producció continguts multimèdia, audiov i fotògraf ",SORTKAT ESTUDIOS S.L.,B62731039,2020-11-05 00:00:00,15833.0,19157.93,2021-12-14 00:00:00,-1859.5,-2250,x,,,2021,Importe no modificado,Importe no modificado
" Gerència d'Àrea de Cultura, Educació, Ciència i Comunitat  (0800)",21000495,Serveis,Biennal Ciutat i Ciència 2021 adm/gestió ponències ,HOTARU S.C.P,J67166959,2021-04-12 00:00:00,108908.9,131779.77,2021-05-14 00:00:00,21696.1,26252.28,x,,0.1992,2021,increment,Increment
"Gerència d'Àrea de Drets Socials, Justícia Global, Feminismes i LGTBI",18001531L02,Serveis,acolliment habitatges temporals per a families,,,2018-07-13 00:00:00,2064972.66,2271469.93,2020-11-26 00:00:00,180099.45,198109.4,X,,,2020,,Importe no modificado
"Gerència d'Àrea de Drets Socials, Justícia Global, Feminismes i LGTBI",17002612,Serveis,"Servei de primera acollida, especialitzats SAIER",,,2017-10-25 00:00:00,1582394.64,1582394.64,2020-03-13 00:00:00,54160.06,54160.06,X,,,2020,,Importe no modificado
"Gerència d'Àrea de Drets Socials, Justícia Global, Feminismes i LGTBI",19000763,Serveis,Servei assessoram i tractam psicològic UTEH,,,2019-06-19 00:00:00,74181.12,74181.12,2020-12-29 00:00:00,24727.04,24727.04,,X,0.33333333333333337,2020,,Importe no modificado
Gerència de Seguretat i Prevenció,19004293-002,Serveis,"Suport atenció telefònica integral per a trucades d'emergència al 092 i 080, les seves centraletes administratives, gestió de segon nivell al centre de gestió d'emergències i al telèfon d'atenció per molèsties d'habitatges d'ús turístic",,,2020-02-28 00:00:00,701196.7,848448.01,2020-12-16 00:00:00,59155.6,71578.28,,,,2020,,Importe no modificado
Gerència de Seguretat i Prevenció,15003142-002,Serveis,SEGURETAT ACCESSOS SALA CONJUNTA COMANDAMENT,,,2016-05-25 00:00:00,293771.52,355463.54,2020-06-22 00:00:00,110164.32,133298.83,,,,2020,,Importe no modificado
Gerència de Seguretat i Prevenció,16001159-003,Serveis,Servei d'assistència i defensa jurídica GUB-SPEIS,,,2016-06-16 00:00:00,192000.0,232320.0,2020-03-31 00:00:00,38400.0,46464.0,,,,2020,,Importe no modificado
Gerència de Seguretat i Prevenció,18000965L02-001,Subministraments,"Submin. 6 BUL i 2 BUP, desglossat en dos lots",,,2018-10-17 00:00:00,679600.0,822316.0,2020-02-20 00:00:00,,,,,,2020,,Importe no modificado
Gerència de Seguretat i Prevenció,18000965L02-002,Subministraments,"Submin. 6 BUL i 2 BUP, desglossat en dos lots",,,2018-10-17 00:00:00,679600.0,822316.0,2020-05-21 00:00:00,,,,,,2020,,Importe no modificado
Gerència de Seguretat i Prevenció,20001146-001,Serveis,Reparació impresores PDA GUB,,,2020-05-25 00:00:00,28470.0,34448.7,2020-12-24 00:00:00,5694.0,6889.74,,,,2020,,Importe no modificado
"ÀREA D'ECOLOGIA URBANA (Gerències d'EU, MASU, Urbanisme, GAMI i Arquitecte en Cap)",15001935,Serveis,"Assistència Tècnica per a la redacció plec de prescripcions tècniques, anàlisi d'ofertes i seguiment posada en marxa nou contracte de neteja i recollida",,,01.02.2016,582483.71,704805.29,22.04.2020,24748.85,29946.11,,X,0.042488484356068945,2020,,Importe no modificado
"ÀREA D'ECOLOGIA URBANA (Gerències d'EU, MASU, Urbanisme, GAMI i Arquitecte en Cap)",14003093,Serveis,Manteniment del clavegueram de Barcelona (2015-2022),,,16.02.2015,94101837.53,103512021.28,02.06.2020,2424165.55,2666582.1,X,,0.02576108621924803,2020,,Importe no modificado
"ÀREA D'ECOLOGIA URBANA (Gerències d'EU, MASU, Urbanisme, GAMI i Arquitecte en Cap)",14003093,Serveis,Manteniment del clavegueram de Barcelona (2015-2022),,,16.02.2015,94101837.53,103512021.28,21.12.2020,-1338240.8,-1472064.88,X,,-0.014221197323307996,2020,,Importe no modificado
"ÀREA D'ECOLOGIA URBANA (Gerències d'EU, MASU, Urbanisme, GAMI i Arquitecte en Cap)",17005534L02,Serveis,"Manteniment de la senyalització horitzontal, vertical, informativa urbana i abalisament de seguretat viària (2018-2022), amb mesures de contractació pública sostenible",,,07.02.2019,3636363.64,4400000.0,26.06.2020,247925.08,299989.35,X,,0.0681793969318206,2020,,Importe no modificado
"ÀREA D'ECOLOGIA URBANA (Gerències d'EU, MASU, Urbanisme, GAMI i Arquitecte en Cap)",16000643,Serveis,"Serveis de manteniment integral dels túnels de la xarxa viària bàsica de la ciutat de Barcelona (2016-2020), i el foment de l'ocupació de persones amb dificultats particulars d'inserció al mercat laboral",,,17.05.2017,5012199.33,6064761.19,23.09.2020,813422.68,984241.44,X,,0.16228857362701896,2020,,Importe no modificado
"ÀREA D'ECOLOGIA URBANA (Gerències d'EU, MASU, Urbanisme, GAMI i Arquitecte en Cap)",16002516,Serveis,"Conservació de les instal·lacions d'enllumenat - Lot 1 (Ciutat Vella, Eixample i Sants-Montjuïc)",,,05.12.2016,14359441.074380165,17374923.7,11.11.2020,-132231.40495867768,-160000.0,X,,-0.009208673532189382,2020,,Importe no modificado
"ÀREA D'ECOLOGIA URBANA (Gerències d'EU, MASU, Urbanisme, GAMI i Arquitecte en Cap)",16002517,Serveis,"Conservació de les instal·lacions d'enllumenat - Lot 2 (Les Corts, Sarrià-Sant Gervasi, Gràcia i Horta-Guinardó)",,,05.12.2016,14580052.561983474,17641863.6,11.11.2020,-196120.85123966943,-237306.23,X,,-0.013451313046088847,2020,,Importe no modificado
"ÀREA D'ECOLOGIA URBANA (Gerències d'EU, MASU, Urbanisme, GAMI i Arquitecte en Cap)",16002518,Serveis,"Conservació de les instal·lacions d'enllumenat - Lot 3 (Nou Barris, Sant Andreu i Sant Martí)",,,05.12.2016,17424142.727272727,21083212.7,11.11.2020,-181271.76033057852,-219338.83,X,,-0.010403482292810146,2020,,Importe no modificado
"ÀREA D'ECOLOGIA URBANA (Gerències d'EU, MASU, Urbanisme, GAMI i Arquitecte en Cap)",19000993,Serveis,Manteniment d'equips audiovisuals en les sales de reunions d'edificis d'Ecologia Urbana i d'equips informàtics de fora la xarxa municipal,,,14.11.2019,42985.71900826447,52012.72,11.11.2020,8597.14049586777,10402.54,X,,0.19999992309573505,2020,,Importe no modificado
"ÀREA D'ECOLOGIA URBANA (Gerències d'EU, MASU, Urbanisme, GAMI i Arquitecte en Cap)",16003724,Serveis,"Implantació, manteniment i gestió del servei Bicing 2.0 2018-2028",,,10.04.2018,134683017.43801653,162966451.1,09.12.2020,-636323.8595041323,-769951.87,X,,-0.00472460352914932,2020,,Importe no modificado
"ÀREA D'ECOLOGIA URBANA (Gerències d'EU, MASU, Urbanisme, GAMI i Arquitecte en Cap)",16002516,Serveis,"Conservació de les instal·lacions d'enllumenat - Lot 1 (Ciutat Vella, Eixample i Sants-Montjuïc)",,,05.12.2016,14359441.074380165,17374923.7,17.12.2020,457354.26446280995,553398.66,X,,0.0318504224568192,2020,,Importe no modificado
"ÀREA D'ECOLOGIA URBANA (Gerències d'EU, MASU, Urbanisme, GAMI i Arquitecte en Cap)",16002517,Serveis,"Conservació de les instal·lacions d'enllumenat - Lot 2 (Les Corts, Sarrià-Sant Gervasi, Gràcia i Horta-Guinardó)",,,05.12.2016,14580052.561983474,17641863.6,17.12.2020,415119.29752066114,502294.35,X,,0.02847172846297258,2020,,Importe no modificado
"ÀREA D'ECOLOGIA URBANA (Gerències d'EU, MASU, Urbanisme, GAMI i Arquitecte en Cap)",16002518,Serveis,"Conservació de les instal·lacions d'enllumenat - Lot 3 (Nou Barris, Sant Andreu i Sant Martí)",,,05.12.2016,17424142.727272727,21083212.7,17.12.2020,207630.21487603307,251232.56,X,,0.011916237035354675,2020,,Importe no modificado
"ÀREA D'ECOLOGIA URBANA (Gerències d'EU, MASU, Urbanisme, GAMI i Arquitecte en Cap)",18002061,Serveis,Serveis de manteniment de mobiliari urbà de la ciutat de Barcelona (2018-2022),,,03.01.2019,1652892.561983471,2000000.0,09.12.2020,330373.9504132231,399752.48,X,,0.19987623999999998,2020,,Importe no modificado
"GERÈNCIA D'ÀREA DE CULTURA, EDUCACIÓ, CIÈNCIA I COMUNITAT",18003157-002,Serveis,"Serveis d’informació, formació, atenció, mediació de conflictes, assessorament, debat i diàleg respecte a les diferents creences religioses i conviccions presents a Barcelona mitjançant l’Oficina d’Afers Religiosos",,,2018-12-20 00:00:00,443202.42,443202.42,2020-12-30 00:00:00,69160.0,69160.0,X,,,2020,,Importe no modificado
GERÈNCIA MUNICIPAL,20002009-001,Serveis,Materials diversos pels Ateneus de fabricació,,,No consta formalització. Contracte d'emergència.,9649.21,11675.54,2020-07-07 00:00:00,19649.26,23775.61,Modificació establerta a la llei,,203.63594532609403,2020,,Importe no modificado
GERÈNCIA MUNICIPAL,19000163-002,Serveis,SUPORT TÈCNIC DESENVOLUPAMENT PACTE TEMPS,,,No consta formalització. Contracte d'emergència.,41125.52,49761.88,2020-07-30 00:00:00,7387.41,8938.77,Modificació establerta a la llei,,17.963079858929447,2020,,Importe no modificado
GERÈNCIA MUNICIPAL,18003434L08-001,Serveis,Infraestructures Districte d'Horta-Guinardó,,,2019-01-31 00:00:00,408264.46,494000.0,2020-11-05 00:00:00,-157024.79,-190000.0,X,,-38.46153789629398,2020,,Importe no modificado
GERÈNCIA MUNICIPAL,18003434L10-001,Serveis,Infraestructures Districte Sant Andreu,,,2019-01-31 00:00:00,280991.74,340000.0,2020-11-05 00:00:00,-57851.24,-70000.0,X,,-20.58823508477509,2020,,Importe no modificado
GERÈNCIA MUNICIPAL,19001291L02-002,Subministraments,Infraestructures Districte Sants-Montjuïc,,,2019-07-29 00:00:00,286621.4,346811.9,2020-11-05 00:00:00,-82644.63,-100000.0,X,,-28.83407519466446,2020,,Importe no modificado
GERÈNCIA MUNICIPAL,18003434L01-001,Serveis,Infraestructures Districte Ciutat Vella,,,2018-12-31 00:00:00,600000.0,726000.0,2020-11-05 00:00:00,-148760.03,-180000.0,X,,-24.793338333333335,2020,,Importe no modificado
GERÈNCIA MUNICIPAL,18003434L02-001,Serveis,Infraestructures Districte  L'Eixample,,,2018-12-31 00:00:00,396694.22,480000.0,2020-11-05 00:00:00,-90909.09,-110000.0,X,,-22.916666141493064,2020,,Importe no modificado
GERÈNCIA MUNICIPAL,18003434L05-001,Serveis,Infraestructures Districte Les Corts,,,2019-01-31 00:00:00,36619.83,44310.0,2020-11-05 00:00:00,-36619.83,-44310.0,X,,-100,2020,,Importe no modificado
GERÈNCIA MUNICIPAL,18003434L11-001,Serveis,Infraestructures Districte Sant Martí,,,2019-01-31 00:00:00,440689.26,533234.0,2020-11-05 00:00:00,-152892.56,-185000.0,X,,-34.69396100100102,2020,,Importe no modificado
GERÈNCIA MUNICIPAL,18003434L07-002,Serveis,Infraestructures Districte Gràcia,,,2019-01-31 00:00:00,360000.0,435600.0,2020-11-05 00:00:00,-82644.63,-100000.0,X,,-22.95684166666667,2020,,Importe no modificado
GERÈNCIA MUNICIPAL,18003434L06-001,Serveis,Infraestructures  Sarrià-Sant Gervasi,,,2019-01-31 00:00:00,200000.0,242000.0,2020-11-05 00:00:00,-76222.77,-92229.55,X,,-38.111385000000006,2020,,Importe no modificado
GERÈNCIA MUNICIPAL,15005948-002,Serveis,Gestió integrada bicing,,,2007-01-16 00:00:00,22495640.0,26094942.4,2019-03-15 00:00:00,-1069004.46,-1293495.4,Modificació establerta a la llei,,-4.752051775366248,2020,,Importe no modificado
GERÈNCIA MUNICIPAL,19001027L03-002,Serveis,Serveis distribució elements comunicació DS Publicitaris i Dte Sarrià,,,,,,,0.0,0.0,Modificació establerta a la llei,,-,2020,,Importe no modificado
GERÈNCIA MUNICIPAL,19001027L04-002,Serveis,"Serveis distribució elements comunicació Dte. Nou Barris, Dte.Sant Andreu i Dte Eixample",,,,,,,0.0,0.0,Modificació establerta a la llei,,-,2020,,Importe no modificado
GERÈNCIA MUNICIPAL,19001027L01-002,Serveis,Serveis distribució elements comunicació Gerència Ecologia Urbana i Dte. Sants Montjuïc,,,,,,,0.0,0.0,Modificació establerta a la llei,,-,2020,,Importe no modificado
GERÈNCIA MUNICIPAL,19001027L02-002,Serveis,Serveis distribució elements comunicació Dte. Les Corts i Dte. de Gràcia,,,,,,,0.0,0.0,Modificació establerta a la llei,,-,2020,,Importe no modificado
GERÈNCIA MUNICIPAL,18003434L07-001,Serveis,Infraestructures Districte Gràcia,,,2019-01-31 00:00:00,360000.0,435600.0,2020-07-06 00:00:00,20661.16,25000.0,X,,5.739211111111111,2020,,Importe no modificado
GERÈNCIA MUNICIPAL,19001027L05-002,Serveis,"Serveis distribució elements comunicació Dte. Sant Martí, Ciutat Vella i Horta-Guinardó",,,,,,,0.0,0.0,Modificació establerta a la llei,,-,2020,,Importe no modificado
GERÈNCIA MUNICIPAL,18003695-003,Serveis,Auditoria estat espai públic a Barcelona,,,2019-07-12 00:00:00,1166545.44,1411519.99,-,79644.41,96369.74,Modificació establerta a la llei,,6.827373136874977,2020,,Importe no modificado
GERÈNCIA DE RECURSOS,16006383-005,Serveis,Lot 3: Serveis de Numeració Especial,,,2017-01-01 00:00:00,677685.95,820000.0,2020-12-11 00:00:00,124000.0,150040.0,X,,18.297560986766808,2020,,Importe no modificado
GERÈNCIA DE RECURSOS,18005415L01-003,Serveis,Elaboració Actes Comissió de Presidència i Economia,,,2019-03-04 00:00:00,48657.02,58875.0,2020-09-08 00:00:00,7500.0,9072.0,Modificació establerta a la llei,,15.414014257346627,2020,,Importe no modificado
GERÈNCIA DE RECURSOS,18003448L05-002,Serveis,"Mant. edificis Lot 5 Sarrià-Sant Gervasi, Gràcia",,,2019-06-01 00:00:00,2491944.63,3015253.0,2020-12-15 00:00:00,55271.9,66879.0,X,,2.218022797721633,2020,,Importe no modificado
GERÈNCIA DE RECURSOS,18003448L01-002,Serveis,"Mant. edificis Lot 1 Ger. Recursos, Ciutat Vella",,,2019-06-01 00:00:00,5575871.82,6746804.86,2020-12-15 00:00:00,571671.37,691722.36,X,,10.252591674533866,2020,,Importe no modificado
GERÈNCIA DE RECURSOS,18003448L03-002,Serveis,"Mant. edificis Lot 3 Seguretat i Prev, Ecol.Urbana",,,2019-06-01 00:00:00,3929809.55,4755069.55,2020-12-21 00:00:00,55342.41,66964.32,X,,1.4082720624463851,2020,,Importe no modificado
GERÈNCIA DE RECURSOS,18003448L06-002,Serveis,"Mant. edificis Lot 6 Horta Guinardó, Nou Barris",,,2019-06-01 00:00:00,4742156.22,5738009.01,2020-12-15 00:00:00,72780.81,88064.78,X,,1.534761965306997,2020,,Importe no modificado
GERÈNCIA DE RECURSOS,18005415L02-003,Serveis,"Comissió de Drets Socials, Ecologia i especials",,,2019-03-04 00:00:00,72012.4,87135.0,2020-08-04 00:00:00,12480.0,15093.0,Modificació establerta a la llei,,17.33034866217485,2020,,Importe no modificado
GERÈNCIA DE RECURSOS,18003448L02-002,Serveis,"Mant. edificis Lot 2 Ger. Drets Social, Eixample",,,2019-06-01 00:00:00,5118666.21,6193586.22,2020-12-15 00:00:00,330578.51,400000.0,X,,6.458293946852221,2020,,Importe no modificado
GERÈNCIA DE RECURSOS,18003448L04-002,Serveis,"Mant. edificis Lot 4 Sants-Montjuic, Les Corts",,,2019-06-01 00:00:00,3078598.94,3725104.73,2020-12-15 00:00:00,473104.55,572456.5,X,,15.367527866426148,2020,,Importe no modificado
GERÈNCIA DE RECURSOS,18003448L07-002,Serveis,"Mant. edificis Lot 7 Sant Andreu, Sant Martí",,,2019-06-01 00:00:00,5405015.15,6540068.34,2020-12-15 00:00:00,181818.18,220000.0,X,,3.3638791928270537,2020,,Importe no modificado
GERÈNCIA DE RECURSOS,17004830-003,Serveis,"MANTENIMENT SIST.SEGURETAT, INCENDIS LOT 2",,,2017-12-04 00:00:00,816500.56,987965.68,2020-10-29 00:00:00,28075.61,33971.5,X,,3.4385291787185057,2020,,Importe no modificado
GERÈNCIA DE RECURSOS,17002464-002,Serveis,Manteniment ascensors districtes i gerències,,,2017-11-20 00:00:00,739291.22,894542.38,2020-11-24 00:00:00,36938.95,44696.13,X,,4.99653573594449,2020,,Importe no modificado
GERÈNCIA DE RECURSOS,16006382-005,Serveis,Lot 2: telefonia mòbil,,,2017-01-01 00:00:00,1524769.42,1844971.0,2020-03-23 00:00:00,29628.1,35850.0,X,,1.9431200292566202,2020,,Importe no modificado
GERÈNCIA DE RECURSOS,16005229-005,Serveis,Lot 1: Veu Fixa,,,2017-01-01 00:00:00,3800810.74,4598981.0,2020-04-01 00:00:00,8099.17,9800.0,X,,0.21309058919360976,2020,,Importe no modificado
GERÈNCIA DE RECURSOS,16006383-004,Serveis,Lot 3: Serveis de Numeració Especial,,,2017-01-01 00:00:00,677685.95,820000.0,2020-03-23 00:00:00,35123.97,42500.0,X,,5.182927283648127,2020,,Importe no modificado
GERÈNCIA DE RECURSOS,18005082L02-002,Serveis,Reproducció paper/digital a demanda usuaris AMD,,,2019-08-08 00:00:00,5388.44,6520.02,2020-02-11 00:00:00,1330.62,1610.05,X,,24.69397450839204,2020,,Importe no modificado
GERÈNCIA DE RECURSOS,20002366-002,Serveis,Traducció de textos Sindicatura de Greuges de BCN,,,2020-07-20 00:00:00,10300.0,12463.0,2020-11-27 00:00:00,-2814.85,-3405.97,Modificació establerta a la llei,,-27.328640776699025,2020,,Importe no modificado
GERÈNCIA DE RECURSOS,18003968L07-001,Serveis,Neteja ed. Lot 7 Dte d'Horta-Guinardó,,,2019-06-03 00:00:00,3485850.12,4217878.65,2020-12-14 00:00:00,51857.78,62747.91,Modificació establerta a la llei,,1.4876652241146844,2020,,Importe no modificado
GERÈNCIA DE RECURSOS,18003968L05-001,Serveis,"Neteja ed. Lot 5 Ger Seg i Prev, Sarrià-St Gervasi",,,2019-06-03 00:00:00,7269708.59,8796347.41,2020-12-14 00:00:00,117963.93,142736.36,Modificació establerta a la llei,,1.6226775604495036,2020,,Importe no modificado
GERÈNCIA DE RECURSOS,18003968L01-003,Serveis,"Neteja ed. Lot 1 Gerència Recursos, Ciutat Vella",,,2019-06-03 00:00:00,10925877.55,13220311.83,2020-12-14 00:00:00,58007.49,70189.07,Modificació establerta a la llei,,0.5309183608780239,2020,,Importe no modificado
GERÈNCIA DE RECURSOS,18003968L03-001,Serveis,Neteja ed. Lot 3 Dte de Sants-Montjuïc,,,2019-06-03 00:00:00,3829791.25,4634047.41,2020-11-12 00:00:00,59877.88,72452.23,Modificació establerta a la llei,,1.5634763382991173,2020,,Importe no modificado
GERÈNCIA DE RECURSOS,18003968L06-001,Serveis,"Neteja ed. Lot 6 Ger. Ecol. Urbana, Gràcia",,,2019-06-03 00:00:00,4387127.38,5308424.14,2020-12-14 00:00:00,64007.26,77448.78,Modificació establerta a la llei,,1.4589788363974971,2020,,Importe no modificado
GERÈNCIA DE RECURSOS,18003968L09-001,Serveis,Neteja ed. Lot 9 Dte de Sant Andreu,,,2019-06-03 00:00:00,4029014.49,4875107.54,2020-12-14 00:00:00,98405.17,119070.25,Modificació establerta a la llei,,2.4424129087706503,2020,,Importe no modificado
GERÈNCIA DE RECURSOS,18003968L04-001,Serveis,"Neteja ed. Lot 4 Gerència Drets Socials, Les Corts",,,2019-06-03 00:00:00,5508961.8,6665843.79,2020-12-14 00:00:00,411172.93,497519.25,Modificació establerta a la llei,,7.463709949849353,2020,,Importe no modificado
GERÈNCIA DE RECURSOS,18003968L08-001,Serveis,Neteja ed. Lot 8 Dte de Nou Barris,,,2019-06-05 00:00:00,4652892.03,3845365.31,2020-12-14 00:00:00,69297.47,83849.94,Modificació establerta a la llei,,1.4893418878666738,2020,,Importe no modificado
GERÈNCIA DE RECURSOS,18003968L02-002,Serveis,Neteja ed. Lot 2 Dte de l'Eixample,,,2019-06-03 00:00:00,3942782.9,4770767.31,2020-12-14 00:00:00,127434.7,154195.95,Modificació establerta a la llei,,3.2321003522664156,2020,,Importe no modificado
GERÈNCIA DE RECURSOS,19003666-001,Serveis,Contractació derivada servei de taxi Ajuntament,,,2019-09-13 00:00:00,441100.0,485210.0,2020-09-30 00:00:00,-61983.47,-75000.0,Modificació establerta a la llei,,-14.052022217184312,2020,,Importe no modificado
GERÈNCIA DE RECURSOS,18002329-003,Serveis,Suport bcnroc,,,2018-11-27 00:00:00,96640.2,116934.64,2020-09-29 00:00:00,24160.04,29233.66,Modificació establerta a la llei,,24.9999896523393,2020,,Importe no modificado
GERÈNCIA DE RECURSOS,18005082L02-004,Serveis,Reproducció paper/digital a demanda usuaris AMD,,,2019-08-08 00:00:00,5388.44,6520.02,2020-09-22 00:00:00,2276.19,2754.18,Modificació establerta a la llei,,42.24209604263943,2020,,Importe no modificado
GERÈNCIA DE RECURSOS,17003058-002,Serveis,Serveis d'hostes/hostesses per a actes i visites,,,2018-02-28 00:00:00,223140.5,270000.0,2020-10-19 00:00:00,-24793.38,-30000.0,Modificació establerta a la llei,,-11.11110712757209,2020,,Importe no modificado
GERÈNCIA DE RECURSOS,20000184-001,Serveis,Consultoria projecte e-Arxiu i seguiment IPAC,,,2020-07-29 00:00:00,62500.0,75625.0,2020-12-21 00:00:00,10754.6,13013.07,X,,17.207359999999998,2020,,Importe no modificado
GERÈNCIA DE RECURSOS,19000462-002,Serveis,Coord. seg. i salut relac. neteja i mante 19-21,,,2019-07-04 00:00:00,280499.99,339404.97,2020-12-10 00:00:00,21900.84,26500.02,X,,7.807786374609141,2020,,Importe no modificado
GERÈNCIA DE RECURSOS,16005829-004,Serveis,"Producció multimèdia, audiovisuals i fotografies",,,2017-05-02 00:00:00,1200000.0,1452000.0,2020-11-24 00:00:00,209562.0,253570.02,X,,17.4635,2020,,Importe no modificado
GERÈNCIA DE RECURSOS,19000070-002,Serveis,Redacció documents Síndica de Greuges,,,2019-06-12 00:00:00,21007.14,25418.63,2020-11-04 00:00:00,2291.69,2772.94,X,,10.90910042966344,2020,,Importe no modificado
GERÈNCIA DE RECURSOS,16001198-006,Serveis,DISSENY WEB I PROGRAMACIÓ WEBS I APLICACIONS,,,2016-06-30 00:00:00,1225000.0,1482250.0,2020-11-10 00:00:00,30726.45,37179.0,X,,2.5082816326530613,2020,,Importe no modificado
GERÈNCIA DE RECURSOS,16001802-006,Subministraments,SUPORT AUDIOVISUAL ACTES CIUTADANS MANTEN.EQUIPS,,,2016-10-24 00:00:00,545454.54,600000.0,2020-10-15 00:00:00,34090.9,41250.0,X,,6.249998395833317,2020,,Importe no modificado
GERÈNCIA DE RECURSOS,16001920-006,Serveis,TRASLLAT ARXIUS I SERVEIS ASSISTÈNCIA ACTES CIUT.,,,2016-10-24 00:00:00,543681.6,657854.74,2020-10-15 00:00:00,36296.93,43919.28,X,,6.67613728329228,2020,,Importe no modificado
GERÈNCIA DE RECURSOS,17005134-004,Serveis,manteniment integral edifici carrer Calàbria,,,2018-03-22 00:00:00,806159.65,975453.18,2020-10-30 00:00:00,60628.09,73360.0,X,,7.520605875027359,2020,,Importe no modificado
GERÈNCIA DE RECURSOS,18003447L03-001,Serveis,Manteniment Via Pública SANTS-MONTJUÏC 2019-2021,,,2019-03-13 00:00:00,2568984.03,3108470.67,2020-11-07 00:00:00,171265.6,207231.38,X,,6.666666588814879,2020,,Importe no modificado
GERÈNCIA DE RECURSOS,18003447L02-001,Serveis,Manteniment Via Pública Dte EIXAMPLE 2019-2021,,,2019-03-13 00:00:00,1483468.92,1794997.38,2020-11-27 00:00:00,98897.93,119666.49,X,,6.666666801485804,2020,,Importe no modificado
GERÈNCIA DE RECURSOS,18003447L01-002,Serveis,Manteniment Via Pública Dte CIUTAT VELLA 2019-2021,,,2019-03-12 00:00:00,1838696.91,2224823.25,2020-11-27 00:00:00,122157.02,147810.0,X,,6.643673535079799,2020,,Importe no modificado
GERÈNCIA DE RECURSOS,19002306-002,Obres,Obres retirada amiant 7 ed. adscrits GR,,,2019-09-20 00:00:00,141406.48,171101.84,2020-08-03 00:00:00,28281.29,34220.36,X,,19.999995756912977,2020,,Importe no modificado
GERÈNCIA DE RECURSOS,18003447L04-002,Serveis,Manteniment Via Pública LES CORTS 2019-2021,,,2019-03-13 00:00:00,979546.35,1185251.07,2020-11-27 00:00:00,59504.13,72000.0,X,,6.0746620106338005,2020,,Importe no modificado
GERÈNCIA DE RECURSOS,18003447L09-001,Serveis,Manteniment Via Pública SANT ANDREU 2019-2021,,,2019-03-13 00:00:00,1815349.44,2196572.82,2020-11-27 00:00:00,41322.31,50000.0,X,,2.2762730463618066,2020,,Importe no modificado
GERÈNCIA DE RECURSOS,18003447L10-001,Serveis,Manteniment Via Pública SANT MARTÍ 2019-2021,,,2019-03-03 00:00:00,2683316.34,3246812.76,2020-11-27 00:00:00,66115.7,80000.0,X,,2.463954734461163,2020,,Importe no modificado
GERÈNCIA DE RECURSOS,18003968L01-002,Serveis,"Neteja ed. Lot 1 Gerència Recursos, Ciutat Vella",,,2019-06-03 00:00:00,10925877.55,13220311.83,2020-07-15 00:00:00,427037.43,516715.29,X,,3.908495478241928,2020,,Importe no modificado
GERÈNCIA DE RECURSOS,17004824-004,Serveis,"MANTENIMENT SIST.SEGURETAT, INCENDIS LOT 1",,,2018-06-18 00:00:00,404804.94,489813.98,2020-12-14 00:00:00,50500.62,61226.75,X,,12.475297361736743,2020,,Importe no modificado
GERÈNCIA DE RECURSOS,18003968L01-001,Serveis,"Neteja ed. Lot 1 Gerència Recursos, Ciutat Vella",,,2019-06-03 00:00:00,10925877.55,13220311.83,2020-02-27 00:00:00,589665.51,713495.27,X,,5.396962461839049,2020,,Importe no modificado
"GER.ÀREA AGENDA 2030, TRANS.DIGITAL I ESPORTS",16006421-005,Serveis,Oficines d'Atenció (OMAC) i (OAE),,,2017-04-18 00:00:00,3979800.0,4815558.0,2020-12-29 00:00:00,208329.87,252079.14,Modificació establerta a la llei,,5.234681893562491,2020,,Importe no modificado
"GER.ÀREA AGENDA 2030, TRANS.DIGITAL I ESPORTS",18000071-004,Serveis,Acolliment animals del CAACB desplaçats del centre,,,2018-07-25 00:00:00,361350.0,437233.5,0,35773.65,43286.12,Modificació establerta a la llei,,9.9,2020,,Importe no modificado
"GER.ÀREA AGENDA 2030, TRANS.DIGITAL I ESPORTS",19000591-003,Serveis,GESTIO D'ANIMALS A LA CIUTAT (NO COMPANYIA),,,2019-11-14 00:00:00,59500.0,71995.0,2020-12-03 00:00:00,12397.0,15000.65,X,,20.83529411764706,2020,,Importe no modificado
"GER.ÀREA AGENDA 2030, TRANS.DIGITAL I ESPORTS",19002569-002,Serveis,RECOLLIDA D'AIXAMS D'ABELLES,,,2019-07-25 00:00:00,36800.0,44528.0,2020-12-11 00:00:00,7360.0,8905.6,X,,20,2020,,Importe no modificado
"GER.ÀREA AGENDA 2030, TRANS.DIGITAL I ESPORTS",19005212-001,Serveis,Despeses traduccions i correcció textos,,,2019-12-31 00:00:00,10000.0,8264.46,2020-07-27 00:00:00,-5785.13,-7000.0,Modificació establerta a la llei,,-57.85130000000001,2020,,Importe no modificado
"GER.ÀREA AGENDA 2030, TRANS.DIGITAL I ESPORTS",20000612-001,Serveis,Serveis Postals 2020,,,2020-03-02 00:00:00,12000.0,9917.35,2020-07-30 00:00:00,-7749.62,-9377.04,Modificació establerta a la llei,,-64.58016666666666,2020,,Importe no modificado
"GER.ÀREA AGENDA 2030, TRANS.DIGITAL I ESPORTS",20000613-001,Serveis,Serveis Postals 2020,,,2020-02-27 00:00:00,44675.0,36921.49,2020-07-30 00:00:00,-4542.99,-5497.02,Modificació establerta a la llei,,-10.168975937325126,2020,,Importe no modificado
"GER.ÀREA AGENDA 2030, TRANS.DIGITAL I ESPORTS",20000611-001,Serveis,Serveis Postals 2020,,,2020-03-02 00:00:00,61.98,75.0,2020-07-27 00:00:00,-61.98,-75.0,Modificació establerta a la llei,,-100,2020,,Importe no modificado
"GER.ÀREA AGENDA 2030, TRANS.DIGITAL I ESPORTS",20002007-001,Serveis,Fabricació i subministrament material Covid-19,,,2020-06-17 00:00:00,20000.0,24000.0,2020-07-03 00:00:00,26666.66,32266.66,Modificació establerta a la llei,,133.3333,2020,,Importe no modificado
"GER.ÀREA AGENDA 2030, TRANS.DIGITAL I ESPORTS",16006421-004,Serveis,Oficines d'Atenció (OMAC) i (OAE),,,2017-04-18 00:00:00,3979800.0,4815558.0,2020-06-26 00:00:00,0.0,0.0,Modificació establerta a la llei,,0,2020,,Importe no modificado
"GER.ÀREA AGENDA 2030, TRANS.DIGITAL I ESPORTS",19005176-001,Serveis,Despeses viatges Relacions Internacionals,,,2020-01-01 00:00:00,87000.0,87000.0,2020-07-08 00:00:00,-52066.12,-63000.0,Modificació establerta a la llei,,-59.846114942528736,2020,,Importe no modificado
"GER.ÀREA AGENDA 2030, TRANS.DIGITAL I ESPORTS",19000506-003,Serveis,EDUCADORS CANINS I PASSEJADORS CAACB,,,2019-07-31 00:00:00,166643.97,201639.2,2020-06-25 00:00:00,16429.75,19880.0,Modificació establerta a la llei,,9.859192624851651,2020,,Importe no modificado
"GERÈNCIA ECONOMIA, RECURSOS I PROMOCIÓ ECONÒMICA",19002212-001,Serveis,Assessorament transformació digital i coordinació,,,2019-10-15 00:00:00,30400.0,36784.0,2020-10-13 00:00:00,0.0,0.0,Modificació establerta a la llei,,0,2020,,Importe no modificado
"GERÈNCIA ECONOMIA, RECURSOS I PROMOCIÓ ECONÒMICA",20000861-001,Serveis,Desp. Viatges Promoció de Ciutat,,,2020-06-02 00:00:00,43801.65,53000.0,2020-10-28 00:00:00,-41322.31,-50000.0,Modificació establerta a la llei,,-94.33961962620128,2020,,Importe no modificado
"GERÈNCIA ECONOMIA, RECURSOS I PROMOCIÓ ECONÒMICA",18001068-003,Serveis,Estrategia d'Impuls de Política Alimentària (EIPA),,,2018-07-27 00:00:00,46212.0,55916.52,2020-09-08 00:00:00,0.0,0.0,Modificació establerta a la llei,,0,2020,,Importe no modificado
"GERÈNCIA ECONOMIA, RECURSOS I PROMOCIÓ ECONÒMICA",18001071-003,Serveis,Estratègia d'Impuls del Consum Responsable (EICR),,,2018-06-20 00:00:00,47706.22,57724.52,2020-10-26 00:00:00,0.0,0.0,Modificació establerta a la llei,,0,2020,,Importe no modificado
"GERÈNCIA ECONOMIA, RECURSOS I PROMOCIÓ ECONÒMICA",20002060L05-001,Serveis,Personal coordinació i at. empreses VI Fira (R),,,2020-12-11 00:00:00,6385.49,7726.44,2020-12-28 00:00:00,2130.0,2577.3,Modificació establerta a la llei,,33.35687629297047,2020,,Importe no modificado
"GERÈNCIA ECONOMIA, RECURSOS I PROMOCIÓ ECONÒMICA",20001295-001,Serveis,Campanya suport comerç proximitat per Nadal 20-21,,,2020-10-09 00:00:00,185500.0,224455.0,2021-02-02 00:00:00,10000.0,12100.0,Modificació establerta a la llei,,5.3908355795148255,2020,,Importe no modificado
GERÈNCIA DE PRESSUPOSTOS I HISENDA,18002353L01-002,Serveis,Expedient Electrònic de Contractació,,,2018-11-27 00:00:00,1569650.0,1899276.5,2020-11-24 00:00:00,180500.0,218405.0,Modificació establerta a la llei,,11.4993788424171,2020,,Importe no modificado
GERÈNCIA DE PRESSUPOSTOS I HISENDA,18003547L01-002,Serveis,Eina de gestió dels béns municipals,,,2019-02-14 00:00:00,199120.0,240935.2,2020-10-29 00:00:00,96985.0,117351.85,X,,48.706809963840904,2020,,Importe no modificado
GERÈNCIA DE PRESSUPOSTOS I HISENDA,18003547L02-002,Serveis,Eina de tramitació electrònica d’expedients patrim,,,2019-04-04 00:00:00,180272.0,218129.12,2020-10-29 00:00:00,83649.9,101216.38,X,,46.40204801633088,2020,,Importe no modificado
GERÈNCIA DE PRESSUPOSTOS I HISENDA,19005283-001,Serveis,Actualizació valors bàsics ocupació espai públic,,,2019-12-12 00:00:00,13490.0,16322.9,2020-06-17 00:00:00,0.0,0.0,Modificació establerta a la llei,,0,2020,,Importe no modificado
GERÈNCIA PERSONES I DESENV. ORGANITZATIU,19000665-001,Serveis,Elaboració i correcció proves psicotècniques,,,2019-04-16 00:00:00,499160.0,603983.6,2020-12-23 00:00:00,115000.0,139150.0,Modificació establerta a la llei,,23.03870502444106,2020,,Importe no modificado
GERÈNCIA PERSONES I DESENV. ORGANITZATIU,16003487-002,Privat Adm.Pública,"Lloguer av.Francesc Cambó 17, 6è B",,,2016-09-01 00:00:00,138672.0,167793.12,2020-10-14 00:00:00,238.84,289.0,Modificació establerta a la llei,,0.17223376023999076,2020,,Importe no modificado
GERÈNCIA PERSONES I DESENV. ORGANITZATIU,19001705-001,Serveis,Servei de suport tècnic entrevistes,,,2019-07-19 00:00:00,85800.0,103818.0,2020-11-27 00:00:00,14190.0,17169.9,X,,16.538461538461537,2020,,Importe no modificado
GERÈNCIA PERSONES I DESENV. ORGANITZATIU,16000873-010,Serveis,RECONEIXEMENT MÈDICS DE VIGILÀNCIA DE LA SALUT,,,2016-11-02 00:00:00,680842.24,680842.24,2020-10-31 00:00:00,99073.95,119879.48,Modificació establerta a la llei,,14.551674995957947,2020,,Importe no modificado
Districte de Ciutat Vella,17002615,serveis,Servei de dinamització del Casal de Joves Palau Alòs i del Punt d'Informació Juvenil i de foment de l'ocupació,,,2017-12-01 00:00:00,479057.31,526963.04,2020-09-28 00:00:00,50229.98,60778.27,,X,0.10485171387949388,2020,,Importe no modificado
Districte de Ciutat Vella,17006849,serveis,Gestió del servei per al foment de les relacions de proximitat i el veïnatge al Districte de Ciutat Vella,,,2018-04-30 00:00:00,2282076.28,2510283.91,2020-10-23 00:00:00,48290.71,58431.76,,X,0.021160865840996343,2020,,Importe no modificado
Districte de Ciutat Vella,18002528,serveis,Gestió de la Casa de la Barceloneta 1761,,,2019-02-26 00:00:00,74197.2,89778.61,2020-12-01 00:00:00,13628.88,16490.94,,X,0.18368455952515728,2020,,Importe no modificado
Districte de Ciutat Vella,19000513L01,serveis,"Gestió dels serveis de promoció, dinamització i organització de les activitats del Centre Cívic Barceloneta del Districte de Ciutat Vella",,,2019-06-25 00:00:00,575463.33,696310.63,2020-07-24 00:00:00,15463.59,18710.94,,X,0.02687154714097943,2020,,Importe no modificado
Districte de Ciutat Vella,19000513L02,serveis,"Gestió dels serveis de promoció, dinamització i organització de les activitats del Centre Cívic Convent Sant Agustí del Districte de Ciutat Vella",,,2019-06-25 00:00:00,508789.08,615634.79,2020-07-24 00:00:00,14740.0,17835.4,,X,0.02897074756400039,2020,,Importe no modificado
Districte de Ciutat Vella,19000513L03,serveis,"Gestió dels serveis de promoció, dinamització i organització de les activitats del Centre Cívic Drassanes del Districte de Ciutat Vella",,,2019-06-25 00:00:00,598659.9,724378.48,2020-07-24 00:00:00,27926.51,33791.08,,X,0.04664837247325234,2020,,Importe no modificado
Districte de Ciutat Vella,19000513L04,serveis,"Gestió dels serveis de promoció, dinamització i organització de les activitats del Centre Cívic Pati Llimona del Districte de Ciutat Vella",,,2019-06-25 00:00:00,507261.42,613786.32,2020-07-24 00:00:00,14740.0,17835.4,,X,0.029057995382341516,2020,,Importe no modificado
Districte de Ciutat Vella,19000173,serveis,"Gestió dels serveis de promoció, dinamització i organització de les activitats dels casals de gent gran del Districte de Ciutat Vella",,,2019-06-25 00:00:00,780764.1,858840.51,2020-11-27 00:00:00,-47011.16,-51712.28,,X,-0.060211733608141055,2020,,Importe no modificado
Districte de Ciutat Vella,19003833,serveis,Gestió del servei de dinamització de la Ludoteca de la Placeta del Pi del Districte de Ciutat Vella,,,2019-12-23 00:00:00,180901.17,198991.29,2020-07-27 00:00:00,6507.18,7157.9,,X,0.0359709116309198,2020,,Importe no modificado
Districte de Ciutat Vella,19002228,serveis,Gestió i dinamització d'espais esportius (pistes de centres escolars i pistes esportives) del Districte de Ciutat Vella,,,2019-12-30 00:00:00,972235.0,1176404.35,2020-02-27 00:00:00,12158.02,14711.2,,X,0.012505227645579516,2020,,Importe no modificado
Districte de Ciutat Vella,19002228,serveis,Gestió i dinamització d'espais esportius (pistes de centres escolars i pistes esportives) del Districte de Ciutat Vella,,,2019-12-30 00:00:00,972235.0,1176404.35,2020-07-24 00:00:00,22460.03,27176.64,,X,0.023101441523911397,2020,,Importe no modificado
Districte de Ciutat Vella,19003833,serveis,Gestió del servei d'informació de l'equipament municipal Palau Alòs del Districte de Ciutat Vella,,,2020-01-13 00:00:00,25820.86,31243.24,2020-03-02 00:00:00,-1588.6,1922.21,,X,-0.061523899668717456,2020,,Importe no modificado
Districte de l'Eixample,17006723,Serveis,Gestió i dinamització Casals de Gent Gran,,,2018-07-31 00:00:00,2262997.99,2489297.78,2020-07-30 00:00:00,82644.63,100000.0,X,,,2020,,Importe no modificado
Districte de Sants-Montjuïc,16003505,serveis,Servei educadors cívics Districte III,,,2017-01-01 00:00:00,269478.42,496426.26,2020-08-04 00:00:00,34947.0,38441.7,X,,0.1297,2020,,Importe no modificado
Districte de Sants-Montjuïc,19002993,serveis,Control d'accés equipaments Dte. Sants-Montjuïc,,,2019-11-08 00:00:00,186181.53,225279.65,2021-01-05 00:00:00,-9795.52,-11852.58,,X,-0.0526,2020,,Importe no modificado
Districte de Sants-Montjuïc,20001016,serveis,Servei dinamitz. espai joves i veïnal c/Química,,,2020-10-31 00:00:00,140302.75,158104.73,2019-11-08 00:00:00,-43641.12,-49149.2,,X,-0.311,2020,,Importe no modificado
Districte de Sants-Montjuïc,20001516,subministrament,Fabricació i subministrament material Covid-19,,,2020-06-09 00:00:00,16556.65,18212.32,2020-07-17 00:00:00,20695.8,22765.38,,X,1.25,2020,,Importe no modificado
Districte de les Corts,19001603,Serveis,Desenvolupament del programa de promoció de les dones,,,2019-05-31 00:00:00,20406.96,24692.42,2020-09-27 00:00:00,24636.65,29810.35,,X,0.2047,2020,,Importe no modificado
Districte de Sarrià-St. Gervasi,19003853,serveis,"neteja del sotabosc, tala/poda d’arbres singulars i recollida de restes vegetals dels barris de muntanya",,,2020-03-05 00:00:00,66115.7,80000.0,2020-07-23 00:00:00,16528.93,20000.0,,x,0.25,2020,,Importe no modificado
Districte de Sarrià-St. Gervasi,19003854,serveis ,manteniment de talussos i rieres als barris de muntanya,,,2020-04-24 00:00:00,66115.7,80000.0,2020-07-23 00:00:00,16528.93,20000.0,,x,0.25,2020,,Importe no modificado
Districte de Sarrià-St. Gervasi,18005015,serveis,"gestió, dinamització i coordinació del centre cívic Vallvidrera-Vázquez Montalban, centre cívic l'Elèctric i casal de barri Can Rectoret",,,2019-06-25 00:00:00,1463571.07,1770920.99,2020-11-30 00:00:00,14462.81,17500.0,,x,0.0099,2020,,Importe no modificado
Districte d'Horta-Guinardó,16004306-003,Serveis,Gestió i dinamització sala polivalent Montbau,,,2018-12-24 00:00:00,55909.09,61500.0,2020-09-08 00:00:00,4986.52,6033.69,,X,,2020,,Importe no modificado
Districte d'Horta-Guinardó,19002366-001,Serveis,CAVALCADA 2020-2021 HORTA GUINARDÓ,,,2019-11-05 00:00:00,181109.07,219141.97,2020-11-29 00:00:00,0.0,0.0,,X,0.2244,2020,,Importe no modificado
Districte de Nou Barris,17005628,Serveis,"Gestió del Casal de Barri Trinitat Nova, amb mesures de contractació pública sostenible",,,2018-06-08 00:00:00,222490.97,269214.08,2019-12-16 00:00:00,27230.91,32949.4,,X,0.1973,2020,,Importe no modificado
Districte de Nou Barris,17005642,Serveis,"Gestió de la Casa de l'Aigua de Trinitat nova, per una empresa d'inserció, amb mesures socials",,,2018-04-13 00:00:00,161469.74,195378.38,31.12.2020,18584.38,22487.1,,X,0.6272,2020,,Importe no modificado
Districte de Sant Martí,19000860-004,Serveis,Serveis preventius ambulàncies amb pers. sanitari,,,2019-05-27 00:00:00,14350.0,14350.0,2020-09-22 00:00:00,9000.0,9000.0,,X,0.2552,2020,,Importe no modificado
Districte de Sant Martí,20001494-001,Subministraments,Lloguer cabines sanitàries,,,2020-08-13 00:00:00,34000.0,41140.0,2020-09-22 00:00:00,8677.69,10500.0,,X,0.728,2020,,Importe no modificado
Districte de Sant Martí,19000079-002,Subministraments,Subministrament de trofeus i medalles,,,2019-06-13 00:00:00,12487.5,15109.88,2020-09-22 00:00:00,9090.91,11000.0,,X,0.2613,2020,,Importe no modificado
Districte de Sant Martí,18004312-003,Serveis,Gestió i dinamització de l'Espai Via Trajana,,,2018-12-31 00:00:00,66973.0,66973.0,2020-12-01 00:00:00,17500.0,17500.0,,X,0.3962,2020,,Importe no modificado
Districte de Sant Martí,19000325-005,Subministraments,Lloguer de cabines sanitaries portatils,,,2019-05-27 00:00:00,20952.07,25352.0,2020-07-30 00:00:00,8301.03,10044.25,X,,0.0216,2020,,Importe no modificado
Districte de Sant Martí,18003370-002,Serveis,Gestió i dinamització del Centre Cívic Besòs,,,2018-12-12 00:00:00,610036.05,738143.62,2020-08-01 00:00:00,13206.61,15980.0,,X,0.5831,2020,,Importe no modificado
Districte de Sant Martí,19004503-002,Serveis,Serveis auxiliars consergeria CC Can Felipa,,,2020-01-31 00:00:00,23486.45,28418.6,2020-07-13 00:00:00,13694.68,16570.56,X,,0.2463,2020,,Importe no modificado
Districte de Sant Martí,19004369-003,Serveis,Servei control tancament solars i edificis mpals,,,2019-12-05 00:00:00,33600.0,40656.0,2020-12-22 00:00:00,8277.0,10015.17,,X,0.15604607935128154,2020,,Importe no modificado
